# Blender 5.1.2
# www.blender.org
mtllib fishingHook.mtl
o Fishing_Hook_And_Line
v 0.000000 1.200000 -0.055000
v 0.023864 1.200000 -0.049553
v 0.043001 1.200000 -0.034292
v 0.053621 1.200000 -0.012239
v 0.053621 1.200000 0.012239
v 0.043001 1.200000 0.034292
v 0.023864 1.200000 0.049553
v 0.000000 1.200000 0.055000
v -0.023864 1.200000 0.049553
v -0.043001 1.200000 0.034292
v -0.053621 1.200000 0.012239
v -0.053621 1.200000 -0.012239
v -0.043001 1.200000 -0.034292
v -0.023864 1.200000 -0.049553
v 0.000000 1.104762 -0.055000
v 0.023864 1.104762 -0.049553
v 0.043001 1.104762 -0.034292
v 0.053621 1.104762 -0.012239
v 0.053621 1.104762 0.012239
v 0.043001 1.104762 0.034292
v 0.023864 1.104762 0.049553
v 0.000000 1.104762 0.055000
v -0.023864 1.104762 0.049553
v -0.043001 1.104762 0.034292
v -0.053621 1.104762 0.012239
v -0.053621 1.104762 -0.012239
v -0.043001 1.104762 -0.034292
v -0.023864 1.104762 -0.049553
v 0.000000 1.009524 -0.055000
v 0.023864 1.009524 -0.049553
v 0.043001 1.009524 -0.034292
v 0.053621 1.009524 -0.012239
v 0.053621 1.009524 0.012239
v 0.043001 1.009524 0.034292
v 0.023864 1.009524 0.049553
v 0.000000 1.009524 0.055000
v -0.023864 1.009524 0.049553
v -0.043001 1.009524 0.034292
v -0.053621 1.009524 0.012239
v -0.053621 1.009524 -0.012239
v -0.043001 1.009524 -0.034292
v -0.023864 1.009524 -0.049553
v 0.000000 0.914286 -0.055000
v 0.023864 0.914286 -0.049553
v 0.043001 0.914286 -0.034292
v 0.053621 0.914286 -0.012239
v 0.053621 0.914286 0.012239
v 0.043001 0.914286 0.034292
v 0.023864 0.914286 0.049553
v 0.000000 0.914286 0.055000
v -0.023864 0.914286 0.049553
v -0.043001 0.914286 0.034292
v -0.053621 0.914286 0.012239
v -0.053621 0.914286 -0.012239
v -0.043001 0.914286 -0.034292
v -0.023864 0.914286 -0.049553
v 0.000000 0.819048 -0.055000
v 0.023864 0.819048 -0.049553
v 0.043001 0.819048 -0.034292
v 0.053621 0.819048 -0.012239
v 0.053621 0.819048 0.012239
v 0.043001 0.819048 0.034292
v 0.023864 0.819048 0.049553
v 0.000000 0.819048 0.055000
v -0.023864 0.819048 0.049553
v -0.043001 0.819048 0.034292
v -0.053621 0.819048 0.012239
v -0.053621 0.819048 -0.012239
v -0.043001 0.819048 -0.034292
v -0.023864 0.819048 -0.049553
v 0.000000 0.723810 -0.055000
v 0.023864 0.723810 -0.049553
v 0.043001 0.723810 -0.034292
v 0.053621 0.723810 -0.012239
v 0.053621 0.723810 0.012239
v 0.043001 0.723810 0.034292
v 0.023864 0.723810 0.049553
v 0.000000 0.723810 0.055000
v -0.023864 0.723810 0.049553
v -0.043001 0.723810 0.034292
v -0.053621 0.723810 0.012239
v -0.053621 0.723810 -0.012239
v -0.043001 0.723810 -0.034292
v -0.023864 0.723810 -0.049553
v 0.000000 0.628571 -0.055000
v 0.023864 0.628571 -0.049553
v 0.043001 0.628571 -0.034292
v 0.053621 0.628571 -0.012239
v 0.053621 0.628571 0.012239
v 0.043001 0.628571 0.034292
v 0.023864 0.628571 0.049553
v 0.000000 0.628571 0.055000
v -0.023864 0.628571 0.049553
v -0.043001 0.628571 0.034292
v -0.053621 0.628571 0.012239
v -0.053621 0.628571 -0.012239
v -0.043001 0.628571 -0.034292
v -0.023864 0.628571 -0.049553
v 0.000000 0.533333 -0.055000
v 0.023864 0.533333 -0.049553
v 0.043001 0.533333 -0.034292
v 0.053621 0.533333 -0.012239
v 0.053621 0.533333 0.012239
v 0.043001 0.533333 0.034292
v 0.023864 0.533333 0.049553
v 0.000000 0.533333 0.055000
v -0.023864 0.533333 0.049553
v -0.043001 0.533333 0.034292
v -0.053621 0.533333 0.012239
v -0.053621 0.533333 -0.012239
v -0.043001 0.533333 -0.034292
v -0.023864 0.533333 -0.049553
v 0.000000 0.438095 -0.055000
v 0.023864 0.438095 -0.049553
v 0.043001 0.438095 -0.034292
v 0.053621 0.438095 -0.012239
v 0.053621 0.438095 0.012239
v 0.043001 0.438095 0.034292
v 0.023864 0.438095 0.049553
v 0.000000 0.438095 0.055000
v -0.023864 0.438095 0.049553
v -0.043001 0.438095 0.034292
v -0.053621 0.438095 0.012239
v -0.053621 0.438095 -0.012239
v -0.043001 0.438095 -0.034292
v -0.023864 0.438095 -0.049553
v 0.000000 0.342857 -0.055000
v 0.023864 0.342857 -0.049553
v 0.043001 0.342857 -0.034292
v 0.053621 0.342857 -0.012239
v 0.053621 0.342857 0.012239
v 0.043001 0.342857 0.034292
v 0.023864 0.342857 0.049553
v 0.000000 0.342857 0.055000
v -0.023864 0.342857 0.049553
v -0.043001 0.342857 0.034292
v -0.053621 0.342857 0.012239
v -0.053621 0.342857 -0.012239
v -0.043001 0.342857 -0.034292
v -0.023864 0.342857 -0.049553
v 0.000000 0.247619 -0.055000
v 0.023864 0.247619 -0.049553
v 0.043001 0.247619 -0.034292
v 0.053621 0.247619 -0.012239
v 0.053621 0.247619 0.012239
v 0.043001 0.247619 0.034292
v 0.023864 0.247619 0.049553
v 0.000000 0.247619 0.055000
v -0.023864 0.247619 0.049553
v -0.043001 0.247619 0.034292
v -0.053621 0.247619 0.012239
v -0.053621 0.247619 -0.012239
v -0.043001 0.247619 -0.034292
v -0.023864 0.247619 -0.049553
v 0.000000 0.152381 -0.055000
v 0.023864 0.152381 -0.049553
v 0.043001 0.152381 -0.034292
v 0.053621 0.152381 -0.012239
v 0.053621 0.152381 0.012239
v 0.043001 0.152381 0.034292
v 0.023864 0.152381 0.049553
v 0.000000 0.152381 0.055000
v -0.023864 0.152381 0.049553
v -0.043001 0.152381 0.034292
v -0.053621 0.152381 0.012239
v -0.053621 0.152381 -0.012239
v -0.043001 0.152381 -0.034292
v -0.023864 0.152381 -0.049553
v 0.000000 0.057143 -0.055000
v 0.023864 0.057143 -0.049553
v 0.043001 0.057143 -0.034292
v 0.053621 0.057143 -0.012239
v 0.053621 0.057143 0.012239
v 0.043001 0.057143 0.034292
v 0.023864 0.057143 0.049553
v 0.000000 0.057143 0.055000
v -0.023864 0.057143 0.049553
v -0.043001 0.057143 0.034292
v -0.053621 0.057143 0.012239
v -0.053621 0.057143 -0.012239
v -0.043001 0.057143 -0.034292
v -0.023864 0.057143 -0.049553
v 0.000000 -0.038095 -0.055000
v 0.023864 -0.038095 -0.049553
v 0.043001 -0.038095 -0.034292
v 0.053621 -0.038095 -0.012239
v 0.053621 -0.038095 0.012239
v 0.043001 -0.038095 0.034292
v 0.023864 -0.038095 0.049553
v 0.000000 -0.038095 0.055000
v -0.023864 -0.038095 0.049553
v -0.043001 -0.038095 0.034292
v -0.053621 -0.038095 0.012239
v -0.053621 -0.038095 -0.012239
v -0.043001 -0.038095 -0.034292
v -0.023864 -0.038095 -0.049553
v 0.000000 -0.133333 -0.055000
v 0.023864 -0.133333 -0.049553
v 0.043001 -0.133333 -0.034292
v 0.053621 -0.133333 -0.012239
v 0.053621 -0.133333 0.012239
v 0.043001 -0.133333 0.034292
v 0.023864 -0.133333 0.049553
v 0.000000 -0.133333 0.055000
v -0.023864 -0.133333 0.049553
v -0.043001 -0.133333 0.034292
v -0.053621 -0.133333 0.012239
v -0.053621 -0.133333 -0.012239
v -0.043001 -0.133333 -0.034292
v -0.023864 -0.133333 -0.049553
v 0.000000 -0.228571 -0.055000
v 0.023864 -0.228571 -0.049553
v 0.043001 -0.228571 -0.034292
v 0.053621 -0.228571 -0.012239
v 0.053621 -0.228571 0.012239
v 0.043001 -0.228571 0.034292
v 0.023864 -0.228571 0.049553
v 0.000000 -0.228571 0.055000
v -0.023864 -0.228571 0.049553
v -0.043001 -0.228571 0.034292
v -0.053621 -0.228571 0.012239
v -0.053621 -0.228571 -0.012239
v -0.043001 -0.228571 -0.034292
v -0.023864 -0.228571 -0.049553
v 0.000000 -0.323810 -0.055000
v 0.023864 -0.323810 -0.049553
v 0.043001 -0.323810 -0.034292
v 0.053621 -0.323810 -0.012239
v 0.053621 -0.323810 0.012239
v 0.043001 -0.323810 0.034292
v 0.023864 -0.323810 0.049553
v 0.000000 -0.323810 0.055000
v -0.023864 -0.323810 0.049553
v -0.043001 -0.323810 0.034292
v -0.053621 -0.323810 0.012239
v -0.053621 -0.323810 -0.012239
v -0.043001 -0.323810 -0.034292
v -0.023864 -0.323810 -0.049553
v 0.000000 -0.419048 -0.055000
v 0.023864 -0.419048 -0.049553
v 0.043001 -0.419048 -0.034292
v 0.053621 -0.419048 -0.012239
v 0.053621 -0.419048 0.012239
v 0.043001 -0.419048 0.034292
v 0.023864 -0.419048 0.049553
v 0.000000 -0.419048 0.055000
v -0.023864 -0.419048 0.049553
v -0.043001 -0.419048 0.034292
v -0.053621 -0.419048 0.012239
v -0.053621 -0.419048 -0.012239
v -0.043001 -0.419048 -0.034292
v -0.023864 -0.419048 -0.049553
v 0.000000 -0.514286 -0.055000
v 0.023864 -0.514286 -0.049553
v 0.043001 -0.514286 -0.034292
v 0.053621 -0.514286 -0.012239
v 0.053621 -0.514286 0.012239
v 0.043001 -0.514286 0.034292
v 0.023864 -0.514286 0.049553
v 0.000000 -0.514286 0.055000
v -0.023864 -0.514286 0.049553
v -0.043001 -0.514286 0.034292
v -0.053621 -0.514286 0.012239
v -0.053621 -0.514286 -0.012239
v -0.043001 -0.514286 -0.034292
v -0.023864 -0.514286 -0.049553
v 0.000000 -0.609524 -0.055000
v 0.023864 -0.609524 -0.049553
v 0.043001 -0.609524 -0.034292
v 0.053621 -0.609524 -0.012239
v 0.053621 -0.609524 0.012239
v 0.043001 -0.609524 0.034292
v 0.023864 -0.609524 0.049553
v 0.000000 -0.609524 0.055000
v -0.023864 -0.609524 0.049553
v -0.043001 -0.609524 0.034292
v -0.053621 -0.609524 0.012239
v -0.053621 -0.609524 -0.012239
v -0.043001 -0.609524 -0.034292
v -0.023864 -0.609524 -0.049553
v 0.000000 -0.704762 -0.055000
v 0.023864 -0.704762 -0.049553
v 0.043001 -0.704762 -0.034292
v 0.053621 -0.704762 -0.012239
v 0.053621 -0.704762 0.012239
v 0.043001 -0.704762 0.034292
v 0.023864 -0.704762 0.049553
v 0.000000 -0.704762 0.055000
v -0.023864 -0.704762 0.049553
v -0.043001 -0.704762 0.034292
v -0.053621 -0.704762 0.012239
v -0.053621 -0.704762 -0.012239
v -0.043001 -0.704762 -0.034292
v -0.023864 -0.704762 -0.049553
v 0.000000 -0.800000 -0.055000
v 0.023859 -0.799556 -0.049553
v 0.042993 -0.799200 -0.034292
v 0.053612 -0.799003 -0.012239
v 0.053612 -0.799003 0.012239
v 0.042993 -0.799200 0.034292
v 0.023859 -0.799556 0.049553
v 0.000000 -0.800000 0.055000
v -0.023859 -0.800444 0.049553
v -0.042993 -0.800800 0.034292
v -0.053612 -0.800997 0.012239
v -0.053612 -0.800997 -0.012239
v -0.042993 -0.800800 -0.034292
v -0.023859 -0.800444 -0.049553
v 0.002697 -0.849735 -0.055000
v 0.026420 -0.847155 -0.049553
v 0.045445 -0.845086 -0.034292
v 0.056003 -0.843937 -0.012239
v 0.056003 -0.843937 0.012239
v 0.045445 -0.845086 0.034292
v 0.026420 -0.847155 0.049553
v 0.002697 -0.849735 0.055000
v -0.021027 -0.852315 0.049553
v -0.040052 -0.854384 0.034292
v -0.050610 -0.855532 0.012239
v -0.050610 -0.855532 -0.012239
v -0.040052 -0.854384 -0.034292
v -0.021027 -0.852315 -0.049553
v 0.010755 -0.898886 -0.055000
v 0.034060 -0.893756 -0.049553
v 0.052750 -0.889643 -0.034292
v 0.063122 -0.887359 -0.012239
v 0.063122 -0.887359 0.012239
v 0.052750 -0.889643 0.034292
v 0.034060 -0.893756 0.049553
v 0.010755 -0.898886 0.055000
v -0.012551 -0.904016 0.049553
v -0.031241 -0.908130 0.034292
v -0.041613 -0.910413 0.012239
v -0.041613 -0.910413 -0.012239
v -0.031241 -0.908130 -0.034292
v -0.012551 -0.904016 -0.049553
v 0.024080 -0.946879 -0.055000
v 0.046694 -0.939259 -0.049553
v 0.064829 -0.933149 -0.034292
v 0.074894 -0.929757 -0.012239
v 0.074894 -0.929757 0.012239
v 0.064829 -0.933149 0.034292
v 0.046694 -0.939259 0.049553
v 0.024080 -0.946879 0.055000
v 0.001465 -0.954498 0.049553
v -0.016670 -0.960609 0.034292
v -0.026735 -0.964000 0.012239
v -0.026735 -0.964000 -0.012239
v -0.016670 -0.960609 -0.034292
v 0.001465 -0.954498 -0.049553
v 0.042515 -0.993149 -0.055000
v 0.064173 -0.983129 -0.049553
v 0.081542 -0.975093 -0.034292
v 0.091180 -0.970634 -0.012239
v 0.091180 -0.970634 0.012239
v 0.081542 -0.975093 0.034292
v 0.064173 -0.983129 0.049553
v 0.042515 -0.993149 0.055000
v 0.020857 -1.003169 0.049553
v 0.003489 -1.011205 0.034292
v -0.006150 -1.015664 0.012239
v -0.006150 -1.015664 -0.012239
v 0.003489 -1.011205 -0.034292
v 0.020857 -1.003169 -0.049553
v 0.065846 -1.037155 -0.055000
v 0.086293 -1.024852 -0.049553
v 0.102691 -1.014986 -0.034292
v 0.111791 -1.009510 -0.012239
v 0.111791 -1.009510 0.012239
v 0.102691 -1.014986 0.034292
v 0.086293 -1.024852 0.049553
v 0.065846 -1.037155 0.055000
v 0.045398 -1.049458 0.049553
v 0.029000 -1.059324 0.034292
v 0.019900 -1.064799 0.012239
v 0.019900 -1.064799 -0.012239
v 0.029000 -1.059324 -0.034292
v 0.045398 -1.049458 -0.049553
v 0.093797 -1.078380 -0.055000
v 0.112795 -1.063939 -0.049553
v 0.128030 -1.052357 -0.034292
v 0.136485 -1.045930 -0.012239
v 0.136485 -1.045930 0.012239
v 0.128030 -1.052357 0.034292
v 0.112795 -1.063939 0.049553
v 0.093797 -1.078380 0.055000
v 0.074800 -1.092822 0.049553
v 0.059565 -1.104403 0.034292
v 0.051110 -1.110830 0.012239
v 0.051110 -1.110830 -0.012239
v 0.059565 -1.104403 -0.034292
v 0.074800 -1.092822 -0.049553
v 0.126042 -1.116342 -0.055000
v 0.143367 -1.099931 -0.049553
v 0.157260 -1.086770 -0.034292
v 0.164971 -1.079467 -0.012239
v 0.164971 -1.079467 0.012239
v 0.157260 -1.086770 0.034292
v 0.143367 -1.099931 0.049553
v 0.126042 -1.116342 0.055000
v 0.108717 -1.132753 0.049553
v 0.094824 -1.145913 0.034292
v 0.087113 -1.153217 0.012239
v 0.087113 -1.153217 -0.012239
v 0.094824 -1.145913 -0.034292
v 0.108717 -1.132753 -0.049553
v 0.162202 -1.150595 -0.055000
v 0.177651 -1.132407 -0.049553
v 0.190040 -1.117821 -0.034292
v 0.196916 -1.109727 -0.012239
v 0.196916 -1.109727 0.012239
v 0.190040 -1.117821 0.034292
v 0.177651 -1.132407 0.049553
v 0.162202 -1.150595 0.055000
v 0.146753 -1.168782 0.049553
v 0.134364 -1.183368 0.034292
v 0.127489 -1.191462 0.012239
v 0.127489 -1.191462 -0.012239
v 0.134364 -1.183368 -0.034292
v 0.146753 -1.168782 -0.049553
v 0.201854 -1.180737 -0.055000
v 0.215246 -1.160985 -0.049553
v 0.225985 -1.145146 -0.034292
v 0.231945 -1.136355 -0.012239
v 0.231945 -1.136355 0.012239
v 0.225985 -1.145146 0.034292
v 0.215246 -1.160985 0.049553
v 0.201854 -1.180737 0.055000
v 0.188462 -1.200489 0.049553
v 0.177722 -1.216328 0.034292
v 0.171763 -1.225118 0.012239
v 0.171763 -1.225118 -0.012239
v 0.177722 -1.216328 -0.034292
v 0.188462 -1.200489 -0.049553
v 0.244532 -1.206416 -0.055000
v 0.255710 -1.185332 -0.049553
v 0.264674 -1.168424 -0.034292
v 0.269649 -1.159041 -0.012239
v 0.269649 -1.159041 0.012239
v 0.264674 -1.168424 0.034292
v 0.255710 -1.185332 0.049553
v 0.244532 -1.206416 0.055000
v 0.233354 -1.227499 0.049553
v 0.224390 -1.244407 0.034292
v 0.219416 -1.253790 0.012239
v 0.219416 -1.253790 -0.012239
v 0.224390 -1.244407 -0.034292
v 0.233354 -1.227499 -0.049553
v 0.289736 -1.227329 -0.055000
v 0.298569 -1.205161 -0.049553
v 0.305653 -1.187383 -0.034292
v 0.309584 -1.177517 -0.012239
v 0.309584 -1.177517 0.012239
v 0.305653 -1.187383 0.034292
v 0.298569 -1.205161 0.049553
v 0.289736 -1.227329 0.055000
v 0.280904 -1.249498 0.049553
v 0.273820 -1.267276 0.034292
v 0.269889 -1.277142 0.012239
v 0.269889 -1.277142 -0.012239
v 0.273820 -1.267276 -0.034292
v 0.280904 -1.249498 -0.049553
v 0.336937 -1.243233 -0.055000
v 0.343321 -1.220239 -0.049553
v 0.348441 -1.201800 -0.034292
v 0.351282 -1.191566 -0.012239
v 0.351282 -1.191566 0.012239
v 0.348441 -1.201800 0.034292
v 0.343321 -1.220239 0.049553
v 0.336937 -1.243233 0.055000
v 0.330553 -1.266227 0.049553
v 0.325433 -1.284666 0.034292
v 0.322592 -1.294900 0.012239
v 0.322592 -1.294900 -0.012239
v 0.325433 -1.284666 -0.034292
v 0.330553 -1.266227 -0.049553
v 0.385580 -1.253940 -0.055000
v 0.389441 -1.230391 -0.049553
v 0.392537 -1.211506 -0.034292
v 0.394255 -1.201026 -0.012239
v 0.394255 -1.201026 0.012239
v 0.392537 -1.211506 0.034292
v 0.389441 -1.230391 0.049553
v 0.385580 -1.253940 0.055000
v 0.381720 -1.277489 0.049553
v 0.378624 -1.296374 0.034292
v 0.376905 -1.306855 0.012239
v 0.376905 -1.306855 -0.012239
v 0.378624 -1.296374 -0.034292
v 0.381720 -1.277489 -0.049553
v 0.435096 -1.259325 -0.055000
v 0.436388 -1.235497 -0.049553
v 0.437424 -1.216388 -0.034292
v 0.437999 -1.205783 -0.012239
v 0.437999 -1.205783 0.012239
v 0.437424 -1.216388 0.034292
v 0.436388 -1.235497 0.049553
v 0.435096 -1.259325 0.055000
v 0.433804 -1.283154 0.049553
v 0.432768 -1.302263 0.034292
v 0.432193 -1.312868 0.012239
v 0.432193 -1.312868 -0.012239
v 0.432768 -1.302263 -0.034292
v 0.433804 -1.283154 -0.049553
v 0.484904 -1.259325 -0.055000
v 0.483612 -1.235497 -0.049553
v 0.482576 -1.216388 -0.034292
v 0.482001 -1.205783 -0.012239
v 0.482001 -1.205783 0.012239
v 0.482576 -1.216388 0.034292
v 0.483612 -1.235497 0.049553
v 0.484904 -1.259325 0.055000
v 0.486196 -1.283154 0.049553
v 0.487232 -1.302263 0.034292
v 0.487807 -1.312868 0.012239
v 0.487807 -1.312868 -0.012239
v 0.487232 -1.302263 -0.034292
v 0.486196 -1.283154 -0.049553
v 0.534420 -1.253940 -0.055000
v 0.530559 -1.230391 -0.049553
v 0.527463 -1.211506 -0.034292
v 0.525745 -1.201026 -0.012239
v 0.525745 -1.201026 0.012239
v 0.527463 -1.211506 0.034292
v 0.530559 -1.230391 0.049553
v 0.534420 -1.253940 0.055000
v 0.538280 -1.277489 0.049553
v 0.541376 -1.296374 0.034292
v 0.543095 -1.306855 0.012239
v 0.543095 -1.306855 -0.012239
v 0.541376 -1.296374 -0.034292
v 0.538280 -1.277489 -0.049553
v 0.583063 -1.243233 -0.055000
v 0.576679 -1.220239 -0.049553
v 0.571559 -1.201800 -0.034292
v 0.568718 -1.191566 -0.012239
v 0.568718 -1.191566 0.012239
v 0.571559 -1.201800 0.034292
v 0.576679 -1.220239 0.049553
v 0.583063 -1.243233 0.055000
v 0.589447 -1.266227 0.049553
v 0.594567 -1.284666 0.034292
v 0.597408 -1.294900 0.012239
v 0.597408 -1.294900 -0.012239
v 0.594567 -1.284666 -0.034292
v 0.589447 -1.266227 -0.049553
v 0.630264 -1.227329 -0.055000
v 0.621431 -1.205161 -0.049553
v 0.614347 -1.187383 -0.034292
v 0.610416 -1.177517 -0.012239
v 0.610416 -1.177517 0.012239
v 0.614347 -1.187383 0.034292
v 0.621431 -1.205161 0.049553
v 0.630264 -1.227329 0.055000
v 0.639096 -1.249498 0.049553
v 0.646180 -1.267276 0.034292
v 0.650111 -1.277142 0.012239
v 0.650111 -1.277142 -0.012239
v 0.646180 -1.267276 -0.034292
v 0.639096 -1.249498 -0.049553
v 0.675468 -1.206416 -0.055000
v 0.664290 -1.185332 -0.049553
v 0.655326 -1.168424 -0.034292
v 0.650351 -1.159041 -0.012239
v 0.650351 -1.159041 0.012239
v 0.655326 -1.168424 0.034292
v 0.664290 -1.185332 0.049553
v 0.675468 -1.206416 0.055000
v 0.686646 -1.227499 0.049553
v 0.695610 -1.244407 0.034292
v 0.700584 -1.253790 0.012239
v 0.700584 -1.253790 -0.012239
v 0.695610 -1.244407 -0.034292
v 0.686646 -1.227499 -0.049553
v 0.718146 -1.180737 -0.055000
v 0.704754 -1.160985 -0.049553
v 0.694015 -1.145146 -0.034292
v 0.688055 -1.136355 -0.012239
v 0.688055 -1.136355 0.012239
v 0.694015 -1.145146 0.034292
v 0.704754 -1.160985 0.049553
v 0.718146 -1.180737 0.055000
v 0.731538 -1.200489 0.049553
v 0.742278 -1.216328 0.034292
v 0.748237 -1.225118 0.012239
v 0.748237 -1.225118 -0.012239
v 0.742278 -1.216328 -0.034292
v 0.731538 -1.200489 -0.049553
v 0.757798 -1.150595 -0.055000
v 0.742349 -1.132407 -0.049553
v 0.729960 -1.117821 -0.034292
v 0.723084 -1.109727 -0.012239
v 0.723084 -1.109727 0.012239
v 0.729960 -1.117821 0.034292
v 0.742349 -1.132407 0.049553
v 0.757798 -1.150595 0.055000
v 0.773247 -1.168782 0.049553
v 0.785636 -1.183368 0.034292
v 0.792511 -1.191462 0.012239
v 0.792511 -1.191462 -0.012239
v 0.785636 -1.183368 -0.034292
v 0.773247 -1.168782 -0.049553
v 0.793958 -1.116342 -0.055000
v 0.776633 -1.099931 -0.049553
v 0.762740 -1.086770 -0.034292
v 0.755029 -1.079467 -0.012239
v 0.755029 -1.079467 0.012239
v 0.762740 -1.086770 0.034292
v 0.776633 -1.099931 0.049553
v 0.793958 -1.116342 0.055000
v 0.811283 -1.132753 0.049553
v 0.825176 -1.145913 0.034292
v 0.832887 -1.153217 0.012239
v 0.832887 -1.153217 -0.012239
v 0.825176 -1.145913 -0.034292
v 0.811283 -1.132753 -0.049553
v 0.826203 -1.078380 -0.055000
v 0.807205 -1.063939 -0.049553
v 0.791970 -1.052357 -0.034292
v 0.783515 -1.045930 -0.012239
v 0.783515 -1.045930 0.012239
v 0.791970 -1.052357 0.034292
v 0.807205 -1.063939 0.049553
v 0.826203 -1.078380 0.055000
v 0.845200 -1.092822 0.049553
v 0.860435 -1.104403 0.034292
v 0.868890 -1.110830 0.012239
v 0.868890 -1.110830 -0.012239
v 0.860435 -1.104403 -0.034292
v 0.845200 -1.092822 -0.049553
v 0.854154 -1.037155 -0.055000
v 0.833707 -1.024852 -0.049553
v 0.817309 -1.014986 -0.034292
v 0.808209 -1.009510 -0.012239
v 0.808209 -1.009510 0.012239
v 0.817309 -1.014986 0.034292
v 0.833707 -1.024852 0.049553
v 0.854154 -1.037155 0.055000
v 0.874602 -1.049458 0.049553
v 0.891000 -1.059324 0.034292
v 0.900100 -1.064799 0.012239
v 0.900100 -1.064799 -0.012239
v 0.891000 -1.059324 -0.034292
v 0.874602 -1.049458 -0.049553
v 0.877485 -0.993149 -0.055000
v 0.855827 -0.983129 -0.049553
v 0.838458 -0.975093 -0.034292
v 0.828820 -0.970634 -0.012239
v 0.828820 -0.970634 0.012239
v 0.838458 -0.975093 0.034292
v 0.855827 -0.983129 0.049553
v 0.877485 -0.993149 0.055000
v 0.899143 -1.003169 0.049553
v 0.916511 -1.011205 0.034292
v 0.926150 -1.015664 0.012239
v 0.926150 -1.015664 -0.012239
v 0.916511 -1.011205 -0.034292
v 0.899143 -1.003169 -0.049553
v 0.895920 -0.946879 -0.055000
v 0.873306 -0.939259 -0.049553
v 0.855171 -0.933149 -0.034292
v 0.845106 -0.929757 -0.012239
v 0.845106 -0.929757 0.012239
v 0.855171 -0.933149 0.034292
v 0.873306 -0.939259 0.049553
v 0.895920 -0.946879 0.055000
v 0.918535 -0.954498 0.049553
v 0.936670 -0.960609 0.034292
v 0.946735 -0.964000 0.012239
v 0.946735 -0.964000 -0.012239
v 0.936670 -0.960609 -0.034292
v 0.918535 -0.954498 -0.049553
v 0.909245 -0.898886 -0.055000
v 0.885940 -0.893756 -0.049553
v 0.867250 -0.889643 -0.034292
v 0.856878 -0.887359 -0.012239
v 0.856878 -0.887359 0.012239
v 0.867250 -0.889643 0.034292
v 0.885940 -0.893756 0.049553
v 0.909245 -0.898886 0.055000
v 0.932551 -0.904016 0.049553
v 0.951241 -0.908130 0.034292
v 0.961613 -0.910413 0.012239
v 0.961613 -0.910413 -0.012239
v 0.951241 -0.908130 -0.034292
v 0.932551 -0.904016 -0.049553
v 0.917303 -0.849735 -0.055000
v 0.893580 -0.847155 -0.049553
v 0.874555 -0.845086 -0.034292
v 0.863997 -0.843937 -0.012239
v 0.863997 -0.843937 0.012239
v 0.874555 -0.845086 0.034292
v 0.893580 -0.847155 0.049553
v 0.917303 -0.849735 0.055000
v 0.941027 -0.852315 0.049553
v 0.960052 -0.854384 0.034292
v 0.970610 -0.855532 0.012239
v 0.970610 -0.855532 -0.012239
v 0.960052 -0.854384 -0.034292
v 0.941027 -0.852315 -0.049553
v 0.920000 -0.800000 -0.055000
v 0.896142 -0.799491 -0.049553
v 0.877009 -0.799083 -0.034292
v 0.866391 -0.798857 -0.012239
v 0.866391 -0.798857 0.012239
v 0.877009 -0.799083 0.034292
v 0.896142 -0.799491 0.049553
v 0.920000 -0.800000 0.055000
v 0.943858 -0.800509 0.049553
v 0.962991 -0.800917 0.034292
v 0.973609 -0.801143 0.012239
v 0.973609 -0.801143 -0.012239
v 0.962991 -0.800917 -0.034292
v 0.943858 -0.800509 -0.049553
v 0.919670 -0.738750 -0.055000
v 0.895808 -0.739007 -0.049553
v 0.876672 -0.739213 -0.034292
v 0.866052 -0.739328 -0.012239
v 0.866052 -0.739328 0.012239
v 0.876672 -0.739213 0.034292
v 0.895808 -0.739007 0.049553
v 0.919670 -0.738750 0.055000
v 0.943532 -0.738493 0.049553
v 0.962668 -0.738287 0.034292
v 0.973288 -0.738172 0.012239
v 0.973288 -0.738172 -0.012239
v 0.962668 -0.738287 -0.034292
v 0.943532 -0.738493 -0.049553
v 0.918681 -0.677500 -0.055000
v 0.894822 -0.678014 -0.049553
v 0.875690 -0.678426 -0.034292
v 0.865072 -0.678655 -0.012239
v 0.865072 -0.678655 0.012239
v 0.875690 -0.678426 0.034292
v 0.894822 -0.678014 0.049553
v 0.918681 -0.677500 0.055000
v 0.942539 -0.676986 0.049553
v 0.961671 -0.676574 0.034292
v 0.972289 -0.676345 0.012239
v 0.972289 -0.676345 -0.012239
v 0.961671 -0.676574 -0.034292
v 0.942539 -0.676986 -0.049553
v 0.917031 -0.616250 -0.055000
v 0.893180 -0.617021 -0.049553
v 0.874053 -0.617639 -0.034292
v 0.863438 -0.617982 -0.012239
v 0.863438 -0.617982 0.012239
v 0.874053 -0.617639 0.034292
v 0.893180 -0.617021 0.049553
v 0.917031 -0.616250 0.055000
v 0.940882 -0.615479 0.049553
v 0.960010 -0.614861 0.034292
v 0.970624 -0.614518 0.012239
v 0.970624 -0.614518 -0.012239
v 0.960010 -0.614861 -0.034292
v 0.940882 -0.615479 -0.049553
v 0.914722 -0.555000 -0.055000
v 0.890881 -0.556027 -0.049553
v 0.871761 -0.556851 -0.034292
v 0.861151 -0.557308 -0.012239
v 0.861151 -0.557308 0.012239
v 0.871761 -0.556851 0.034292
v 0.890881 -0.556027 0.049553
v 0.914722 -0.555000 0.055000
v 0.938564 -0.553973 0.049553
v 0.957683 -0.553149 0.034292
v 0.968294 -0.552692 0.012239
v 0.968294 -0.552692 -0.012239
v 0.957683 -0.553149 -0.034292
v 0.938564 -0.553973 -0.049553
v 0.911753 -0.493750 -0.055000
v 0.887924 -0.495033 -0.049553
v 0.868815 -0.496062 -0.034292
v 0.858210 -0.496634 -0.012239
v 0.858210 -0.496634 0.012239
v 0.868815 -0.496062 0.034292
v 0.887924 -0.495033 0.049553
v 0.911753 -0.493750 0.055000
v 0.935583 -0.492467 0.049553
v 0.954692 -0.491438 0.034292
v 0.965297 -0.490866 0.012239
v 0.965297 -0.490866 -0.012239
v 0.954692 -0.491438 -0.034292
v 0.935583 -0.492467 -0.049553
v 0.908125 -0.432500 -0.055000
v 0.884311 -0.434039 -0.049553
v 0.865214 -0.435273 -0.034292
v 0.854616 -0.435958 -0.012239
v 0.854616 -0.435958 0.012239
v 0.865214 -0.435273 0.034292
v 0.884311 -0.434039 0.049553
v 0.908125 -0.432500 0.055000
v 0.931939 -0.430961 0.049553
v 0.951036 -0.429727 0.034292
v 0.961634 -0.429042 0.012239
v 0.961634 -0.429042 -0.012239
v 0.951036 -0.429727 -0.034292
v 0.931939 -0.430961 -0.049553
v 0.903837 -0.371250 -0.055000
v 0.880041 -0.373044 -0.049553
v 0.860958 -0.374483 -0.034292
v 0.850368 -0.375281 -0.012239
v 0.850368 -0.375281 0.012239
v 0.860958 -0.374483 0.034292
v 0.880041 -0.373044 0.049553
v 0.903837 -0.371250 0.055000
v 0.927633 -0.369456 0.049553
v 0.946716 -0.368017 0.034292
v 0.957306 -0.367219 0.012239
v 0.957306 -0.367219 -0.012239
v 0.946716 -0.368017 -0.034292
v 0.927633 -0.369456 -0.049553
v 0.898889 -0.310000 -0.055000
v 0.875113 -0.312049 -0.049553
v 0.856047 -0.313692 -0.034292
v 0.845466 -0.314603 -0.012239
v 0.845466 -0.314603 0.012239
v 0.856047 -0.313692 0.034292
v 0.875113 -0.312049 0.049553
v 0.898889 -0.310000 0.055000
v 0.922664 -0.307951 0.049553
v 0.941731 -0.306308 0.034292
v 0.952312 -0.305397 0.012239
v 0.952312 -0.305397 -0.012239
v 0.941731 -0.306308 -0.034292
v 0.922664 -0.307951 -0.049553
v 0.893281 -0.248750 -0.055000
v 0.869529 -0.251053 -0.049553
v 0.850481 -0.252899 -0.034292
v 0.839910 -0.253924 -0.012239
v 0.839910 -0.253924 0.012239
v 0.850481 -0.252899 0.034292
v 0.869529 -0.251053 0.049553
v 0.893281 -0.248750 0.055000
v 0.917034 -0.246447 0.049553
v 0.936081 -0.244601 0.034292
v 0.946652 -0.243576 0.012239
v 0.946652 -0.243576 -0.012239
v 0.936081 -0.244601 -0.034292
v 0.917034 -0.246447 -0.049553
v 0.887014 -0.187500 -0.055000
v 0.863288 -0.190056 -0.049553
v 0.844260 -0.192105 -0.034292
v 0.833701 -0.193242 -0.012239
v 0.833701 -0.193242 0.012239
v 0.844260 -0.192105 0.034292
v 0.863288 -0.190056 0.049553
v 0.887014 -0.187500 0.055000
v 0.910740 -0.184944 0.049553
v 0.929767 -0.182895 0.034292
v 0.940327 -0.181758 0.012239
v 0.940327 -0.181758 -0.012239
v 0.929767 -0.182895 -0.034292
v 0.910740 -0.184944 -0.049553
v 0.880087 -0.126250 -0.055000
v 0.856389 -0.129058 -0.049553
v 0.837385 -0.131309 -0.034292
v 0.826838 -0.132559 -0.012239
v 0.826838 -0.132559 0.012239
v 0.837385 -0.131309 0.034292
v 0.856389 -0.129058 0.049553
v 0.880087 -0.126250 0.055000
v 0.903785 -0.123442 0.049553
v 0.922789 -0.121191 0.034292
v 0.933335 -0.119941 0.012239
v 0.933335 -0.119941 -0.012239
v 0.922789 -0.121191 -0.034292
v 0.903785 -0.123442 -0.049553
v 0.872500 -0.065000 -0.055000
v 0.848833 -0.068059 -0.049553
v 0.829854 -0.070512 -0.034292
v 0.819321 -0.071873 -0.012239
v 0.819321 -0.071873 0.012239
v 0.829854 -0.070512 0.034292
v 0.848833 -0.068059 0.049553
v 0.872500 -0.065000 0.055000
v 0.896167 -0.061941 0.049553
v 0.915146 -0.059488 0.034292
v 0.925679 -0.058127 0.012239
v 0.925679 -0.058127 -0.012239
v 0.915146 -0.059488 -0.034292
v 0.896167 -0.061941 -0.049553
v 0.864253 -0.003750 -0.055000
v 0.840620 -0.007059 -0.049553
v 0.821668 -0.009713 -0.034292
v 0.811150 -0.011186 -0.012239
v 0.811150 -0.011186 0.012239
v 0.821668 -0.009713 0.034292
v 0.840620 -0.007059 0.049553
v 0.864253 -0.003750 0.055000
v 0.887887 -0.000441 0.049553
v 0.906839 0.002213 0.034292
v 0.917356 0.003686 0.012239
v 0.917356 0.003686 -0.012239
v 0.906839 0.002213 -0.034292
v 0.887887 -0.000441 -0.049553
v 0.855347 0.057500 -0.050545
v 0.833662 0.054230 -0.045540
v 0.816271 0.051608 -0.031515
v 0.806620 0.050152 -0.011247
v 0.806620 0.050152 0.011247
v 0.816271 0.051608 0.031515
v 0.833662 0.054230 0.045540
v 0.855347 0.057500 0.050545
v 0.877033 0.060770 0.045540
v 0.894423 0.063392 0.031515
v 0.904075 0.064848 0.011247
v 0.904075 0.064848 -0.011247
v 0.894423 0.063392 -0.031515
v 0.877033 0.060770 -0.045540
v 0.845781 0.118750 -0.046091
v 0.826039 0.115560 -0.041526
v 0.810207 0.113002 -0.028737
v 0.801421 0.111583 -0.010256
v 0.801421 0.111583 0.010256
v 0.810207 0.113002 0.028737
v 0.826039 0.115560 0.041526
v 0.845781 0.118750 0.046091
v 0.865523 0.121940 0.041526
v 0.881355 0.124498 0.028737
v 0.890141 0.125917 0.010256
v 0.890141 0.125917 -0.010256
v 0.881355 0.124498 -0.028737
v 0.865523 0.121940 -0.041526
v 0.835556 0.180000 -0.041636
v 0.817753 0.176932 -0.037513
v 0.803476 0.174472 -0.025960
v 0.795553 0.173106 -0.009265
v 0.795553 0.173106 0.009265
v 0.803476 0.174472 0.025960
v 0.817753 0.176932 0.037513
v 0.835556 0.180000 0.041636
v 0.853358 0.183068 0.037513
v 0.867635 0.185528 0.025960
v 0.875558 0.186894 0.009265
v 0.875558 0.186894 -0.009265
v 0.867635 0.185528 -0.025960
v 0.853358 0.183068 -0.037513
v 0.824670 0.241250 -0.037182
v 0.808801 0.238344 -0.033500
v 0.796076 0.236014 -0.023182
v 0.789013 0.234721 -0.008274
v 0.789013 0.234721 0.008274
v 0.796076 0.236014 0.023182
v 0.808801 0.238344 0.033500
v 0.824670 0.241250 0.037182
v 0.840539 0.244156 0.033500
v 0.853265 0.246486 0.023182
v 0.860327 0.247779 0.008274
v 0.860327 0.247779 -0.008274
v 0.853265 0.246486 -0.023182
v 0.840539 0.244156 -0.033500
v 0.813125 0.302500 -0.032727
v 0.799185 0.299797 -0.029486
v 0.788006 0.297630 -0.020405
v 0.781802 0.296427 -0.007283
v 0.781802 0.296427 0.007283
v 0.788006 0.297630 0.020405
v 0.799185 0.299797 0.029486
v 0.813125 0.302500 0.032727
v 0.827065 0.305203 0.029486
v 0.838244 0.307370 0.020405
v 0.844448 0.308573 0.007283
v 0.844448 0.308573 -0.007283
v 0.838244 0.307370 -0.020405
v 0.827065 0.305203 -0.029486
v 0.800920 0.363750 -0.028273
v 0.788902 0.361291 -0.025473
v 0.779264 0.359318 -0.017628
v 0.773916 0.358224 -0.006291
v 0.773916 0.358224 0.006291
v 0.779264 0.359318 0.017628
v 0.788902 0.361291 0.025473
v 0.800920 0.363750 0.028273
v 0.812938 0.366209 0.025473
v 0.822576 0.368182 0.017628
v 0.827924 0.369276 0.006291
v 0.827924 0.369276 -0.006291
v 0.822576 0.368182 -0.017628
v 0.812938 0.366209 -0.025473
v 0.788056 0.425000 -0.023818
v 0.777953 0.422824 -0.021459
v 0.769851 0.421078 -0.014850
v 0.765355 0.420110 -0.005300
v 0.765355 0.420110 0.005300
v 0.769851 0.421078 0.014850
v 0.777953 0.422824 0.021459
v 0.788056 0.425000 0.023818
v 0.798158 0.427176 0.021459
v 0.806260 0.428922 0.014850
v 0.810756 0.429890 0.005300
v 0.810756 0.429890 -0.005300
v 0.806260 0.428922 -0.014850
v 0.798158 0.427176 -0.021459
v 0.774531 0.486250 -0.019364
v 0.766337 0.484396 -0.017446
v 0.759765 0.482910 -0.012073
v 0.756118 0.482085 -0.004309
v 0.756118 0.482085 0.004309
v 0.759765 0.482910 0.012073
v 0.766337 0.484396 0.017446
v 0.774531 0.486250 0.019364
v 0.782726 0.488104 0.017446
v 0.789297 0.489590 0.012073
v 0.792944 0.490415 0.004309
v 0.792944 0.490415 -0.004309
v 0.789297 0.489590 -0.012073
v 0.782726 0.488104 -0.017446
v 0.760347 0.547500 -0.014909
v 0.754053 0.546008 -0.013433
v 0.749005 0.544812 -0.009296
v 0.746204 0.544149 -0.003318
v 0.746204 0.544149 0.003318
v 0.749005 0.544812 0.009296
v 0.754053 0.546008 0.013433
v 0.760347 0.547500 0.014909
v 0.766642 0.548992 0.013433
v 0.771690 0.550188 0.009296
v 0.774491 0.550851 0.003318
v 0.774491 0.550851 -0.003318
v 0.771690 0.550188 -0.009296
v 0.766642 0.548992 -0.013433
v 0.745503 0.608750 -0.010455
v 0.741101 0.607659 -0.009419
v 0.737570 0.606785 -0.006518
v 0.735610 0.606299 -0.002326
v 0.735610 0.606299 0.002326
v 0.737570 0.606785 0.006518
v 0.741101 0.607659 0.009419
v 0.745503 0.608750 0.010455
v 0.749906 0.609841 0.009419
v 0.753437 0.610715 0.006518
v 0.755397 0.611201 0.002326
v 0.755397 0.611201 -0.002326
v 0.753437 0.610715 -0.006518
v 0.749906 0.609841 -0.009419
v 0.730000 0.670000 -0.006000
v 0.727476 0.669361 -0.005406
v 0.725452 0.668849 -0.003741
v 0.724329 0.668565 -0.001335
v 0.724329 0.668565 0.001335
v 0.725452 0.668849 0.003741
v 0.727476 0.669361 0.005406
v 0.730000 0.670000 0.006000
v 0.732524 0.670639 0.005406
v 0.734548 0.671151 0.003741
v 0.735671 0.671435 0.001335
v 0.735671 0.671435 -0.001335
v 0.734548 0.671151 -0.003741
v 0.732524 0.670639 -0.005406
v 0.000000 1.200000 0.000000
v 0.730000 0.670000 0.000000
v 0.232000 1.390000 0.000000
v 0.225033 1.390000 -0.026000
v 0.206000 1.390000 -0.045033
v 0.180000 1.390000 -0.052000
v 0.154000 1.390000 -0.045033
v 0.134967 1.390000 -0.026000
v 0.128000 1.390000 0.000000
v 0.134967 1.390000 0.026000
v 0.154000 1.390000 0.045033
v 0.180000 1.390000 0.052000
v 0.206000 1.390000 0.045033
v 0.225033 1.390000 0.026000
v 0.229144 1.426293 0.000000
v 0.222263 1.425203 -0.026000
v 0.203464 1.422225 -0.045033
v 0.177784 1.418158 -0.052000
v 0.152104 1.414091 -0.045033
v 0.133305 1.411113 -0.026000
v 0.126424 1.410024 0.000000
v 0.133305 1.411113 0.026000
v 0.152104 1.414091 0.045033
v 0.177784 1.418158 0.052000
v 0.203464 1.422225 0.045033
v 0.222263 1.425203 0.026000
v 0.220645 1.461692 0.000000
v 0.214019 1.459539 -0.026000
v 0.195918 1.453658 -0.045033
v 0.171190 1.445623 -0.052000
v 0.146463 1.437589 -0.045033
v 0.128361 1.431707 -0.026000
v 0.121735 1.429554 0.000000
v 0.128361 1.431707 0.026000
v 0.146463 1.437589 0.045033
v 0.171190 1.445623 0.052000
v 0.195918 1.453658 0.045033
v 0.214019 1.459539 0.026000
v 0.206714 1.495326 0.000000
v 0.200506 1.492163 -0.026000
v 0.183547 1.483522 -0.045033
v 0.160381 1.471718 -0.052000
v 0.137215 1.459915 -0.045033
v 0.120256 1.451274 -0.026000
v 0.114049 1.448111 0.000000
v 0.120256 1.451274 0.026000
v 0.137215 1.459915 0.045033
v 0.160381 1.471718 0.052000
v 0.183547 1.483522 0.045033
v 0.200506 1.492163 0.026000
v 0.187692 1.526366 0.000000
v 0.182056 1.522271 -0.026000
v 0.166658 1.511084 -0.045033
v 0.145623 1.495801 -0.052000
v 0.124589 1.480519 -0.045033
v 0.109190 1.469331 -0.026000
v 0.103554 1.465237 0.000000
v 0.109190 1.469331 0.026000
v 0.124589 1.480519 0.045033
v 0.145623 1.495801 0.052000
v 0.166658 1.511084 0.045033
v 0.182056 1.522271 0.026000
v 0.164049 1.554049 0.000000
v 0.159123 1.549123 -0.026000
v 0.145664 1.535664 -0.045033
v 0.127279 1.517279 -0.052000
v 0.108894 1.498894 -0.045033
v 0.095436 1.485436 -0.026000
v 0.090510 1.480510 0.000000
v 0.095436 1.485436 0.026000
v 0.108894 1.498894 0.045033
v 0.127279 1.517279 0.052000
v 0.145664 1.535664 0.045033
v 0.159123 1.549123 0.026000
v 0.136366 1.577692 0.000000
v 0.132271 1.572056 -0.026000
v 0.121084 1.556658 -0.045033
v 0.105801 1.535623 -0.052000
v 0.090519 1.514589 -0.045033
v 0.079331 1.499190 -0.026000
v 0.075237 1.493554 0.000000
v 0.079331 1.499190 0.026000
v 0.090519 1.514589 0.045033
v 0.105801 1.535623 0.052000
v 0.121084 1.556658 0.045033
v 0.132271 1.572056 0.026000
v 0.105326 1.596714 0.000000
v 0.102163 1.590506 -0.026000
v 0.093522 1.573547 -0.045033
v 0.081718 1.550381 -0.052000
v 0.069915 1.527215 -0.045033
v 0.061274 1.510256 -0.026000
v 0.058111 1.504049 0.000000
v 0.061274 1.510256 0.026000
v 0.069915 1.527215 0.045033
v 0.081718 1.550381 0.052000
v 0.093522 1.573547 0.045033
v 0.102163 1.590506 0.026000
v 0.071692 1.610645 0.000000
v 0.069539 1.604019 -0.026000
v 0.063658 1.585918 -0.045033
v 0.055623 1.561190 -0.052000
v 0.047589 1.536463 -0.045033
v 0.041707 1.518361 -0.026000
v 0.039554 1.511735 0.000000
v 0.041707 1.518361 0.026000
v 0.047589 1.536463 0.045033
v 0.055623 1.561190 0.052000
v 0.063658 1.585918 0.045033
v 0.069539 1.604019 0.026000
v 0.036293 1.619144 0.000000
v 0.035203 1.612263 -0.026000
v 0.032225 1.593464 -0.045033
v 0.028158 1.567784 -0.052000
v 0.024091 1.542104 -0.045033
v 0.021113 1.523305 -0.026000
v 0.020024 1.516424 0.000000
v 0.021113 1.523305 0.026000
v 0.024091 1.542104 0.045033
v 0.028158 1.567784 0.052000
v 0.032225 1.593464 0.045033
v 0.035203 1.612263 0.026000
v 0.000000 1.622000 0.000000
v 0.000000 1.615033 -0.026000
v 0.000000 1.596000 -0.045033
v 0.000000 1.570000 -0.052000
v 0.000000 1.544000 -0.045033
v 0.000000 1.524967 -0.026000
v 0.000000 1.518000 0.000000
v 0.000000 1.524967 0.026000
v 0.000000 1.544000 0.045033
v 0.000000 1.570000 0.052000
v 0.000000 1.596000 0.045033
v 0.000000 1.615033 0.026000
v -0.036293 1.619144 0.000000
v -0.035203 1.612263 -0.026000
v -0.032225 1.593464 -0.045033
v -0.028158 1.567784 -0.052000
v -0.024091 1.542104 -0.045033
v -0.021113 1.523305 -0.026000
v -0.020024 1.516424 0.000000
v -0.021113 1.523305 0.026000
v -0.024091 1.542104 0.045033
v -0.028158 1.567784 0.052000
v -0.032225 1.593464 0.045033
v -0.035203 1.612263 0.026000
v -0.071692 1.610645 0.000000
v -0.069539 1.604019 -0.026000
v -0.063658 1.585918 -0.045033
v -0.055623 1.561190 -0.052000
v -0.047589 1.536463 -0.045033
v -0.041707 1.518361 -0.026000
v -0.039554 1.511735 0.000000
v -0.041707 1.518361 0.026000
v -0.047589 1.536463 0.045033
v -0.055623 1.561190 0.052000
v -0.063658 1.585918 0.045033
v -0.069539 1.604019 0.026000
v -0.105326 1.596714 0.000000
v -0.102163 1.590506 -0.026000
v -0.093522 1.573547 -0.045033
v -0.081718 1.550381 -0.052000
v -0.069915 1.527215 -0.045033
v -0.061274 1.510256 -0.026000
v -0.058111 1.504049 0.000000
v -0.061274 1.510256 0.026000
v -0.069915 1.527215 0.045033
v -0.081718 1.550381 0.052000
v -0.093522 1.573547 0.045033
v -0.102163 1.590506 0.026000
v -0.136366 1.577692 0.000000
v -0.132271 1.572056 -0.026000
v -0.121084 1.556658 -0.045033
v -0.105801 1.535623 -0.052000
v -0.090519 1.514589 -0.045033
v -0.079331 1.499190 -0.026000
v -0.075237 1.493554 0.000000
v -0.079331 1.499190 0.026000
v -0.090519 1.514589 0.045033
v -0.105801 1.535623 0.052000
v -0.121084 1.556658 0.045033
v -0.132271 1.572056 0.026000
v -0.164049 1.554049 0.000000
v -0.159123 1.549123 -0.026000
v -0.145664 1.535664 -0.045033
v -0.127279 1.517279 -0.052000
v -0.108894 1.498894 -0.045033
v -0.095436 1.485436 -0.026000
v -0.090510 1.480510 0.000000
v -0.095436 1.485436 0.026000
v -0.108894 1.498894 0.045033
v -0.127279 1.517279 0.052000
v -0.145664 1.535664 0.045033
v -0.159123 1.549123 0.026000
v -0.187692 1.526366 0.000000
v -0.182056 1.522271 -0.026000
v -0.166658 1.511084 -0.045033
v -0.145623 1.495801 -0.052000
v -0.124589 1.480519 -0.045033
v -0.109190 1.469331 -0.026000
v -0.103554 1.465237 0.000000
v -0.109190 1.469331 0.026000
v -0.124589 1.480519 0.045033
v -0.145623 1.495801 0.052000
v -0.166658 1.511084 0.045033
v -0.182056 1.522271 0.026000
v -0.206714 1.495326 0.000000
v -0.200506 1.492163 -0.026000
v -0.183547 1.483522 -0.045033
v -0.160381 1.471718 -0.052000
v -0.137215 1.459915 -0.045033
v -0.120256 1.451274 -0.026000
v -0.114049 1.448111 0.000000
v -0.120256 1.451274 0.026000
v -0.137215 1.459915 0.045033
v -0.160381 1.471718 0.052000
v -0.183547 1.483522 0.045033
v -0.200506 1.492163 0.026000
v -0.220645 1.461692 0.000000
v -0.214019 1.459539 -0.026000
v -0.195918 1.453658 -0.045033
v -0.171190 1.445623 -0.052000
v -0.146463 1.437589 -0.045033
v -0.128361 1.431707 -0.026000
v -0.121735 1.429554 0.000000
v -0.128361 1.431707 0.026000
v -0.146463 1.437589 0.045033
v -0.171190 1.445623 0.052000
v -0.195918 1.453658 0.045033
v -0.214019 1.459539 0.026000
v -0.229144 1.426293 0.000000
v -0.222263 1.425203 -0.026000
v -0.203464 1.422225 -0.045033
v -0.177784 1.418158 -0.052000
v -0.152104 1.414091 -0.045033
v -0.133305 1.411113 -0.026000
v -0.126424 1.410024 0.000000
v -0.133305 1.411113 0.026000
v -0.152104 1.414091 0.045033
v -0.177784 1.418158 0.052000
v -0.203464 1.422225 0.045033
v -0.222263 1.425203 0.026000
v -0.232000 1.390000 0.000000
v -0.225033 1.390000 -0.026000
v -0.206000 1.390000 -0.045033
v -0.180000 1.390000 -0.052000
v -0.154000 1.390000 -0.045033
v -0.134967 1.390000 -0.026000
v -0.128000 1.390000 0.000000
v -0.134967 1.390000 0.026000
v -0.154000 1.390000 0.045033
v -0.180000 1.390000 0.052000
v -0.206000 1.390000 0.045033
v -0.225033 1.390000 0.026000
v -0.229144 1.353707 0.000000
v -0.222263 1.354797 -0.026000
v -0.203464 1.357775 -0.045033
v -0.177784 1.361842 -0.052000
v -0.152104 1.365909 -0.045033
v -0.133305 1.368887 -0.026000
v -0.126424 1.369976 0.000000
v -0.133305 1.368887 0.026000
v -0.152104 1.365909 0.045033
v -0.177784 1.361842 0.052000
v -0.203464 1.357775 0.045033
v -0.222263 1.354797 0.026000
v -0.220645 1.318308 0.000000
v -0.214019 1.320461 -0.026000
v -0.195918 1.326342 -0.045033
v -0.171190 1.334377 -0.052000
v -0.146463 1.342411 -0.045033
v -0.128361 1.348293 -0.026000
v -0.121735 1.350446 0.000000
v -0.128361 1.348293 0.026000
v -0.146463 1.342411 0.045033
v -0.171190 1.334377 0.052000
v -0.195918 1.326342 0.045033
v -0.214019 1.320461 0.026000
v -0.206714 1.284674 0.000000
v -0.200506 1.287837 -0.026000
v -0.183547 1.296478 -0.045033
v -0.160381 1.308282 -0.052000
v -0.137215 1.320085 -0.045033
v -0.120256 1.328726 -0.026000
v -0.114049 1.331889 0.000000
v -0.120256 1.328726 0.026000
v -0.137215 1.320085 0.045033
v -0.160381 1.308282 0.052000
v -0.183547 1.296478 0.045033
v -0.200506 1.287837 0.026000
v -0.187692 1.253634 0.000000
v -0.182056 1.257729 -0.026000
v -0.166658 1.268916 -0.045033
v -0.145623 1.284199 -0.052000
v -0.124589 1.299481 -0.045033
v -0.109190 1.310669 -0.026000
v -0.103554 1.314763 0.000000
v -0.109190 1.310669 0.026000
v -0.124589 1.299481 0.045033
v -0.145623 1.284199 0.052000
v -0.166658 1.268916 0.045033
v -0.182056 1.257729 0.026000
v -0.164049 1.225951 0.000000
v -0.159123 1.230877 -0.026000
v -0.145664 1.244336 -0.045033
v -0.127279 1.262721 -0.052000
v -0.108894 1.281106 -0.045033
v -0.095436 1.294564 -0.026000
v -0.090510 1.299490 0.000000
v -0.095436 1.294564 0.026000
v -0.108894 1.281106 0.045033
v -0.127279 1.262721 0.052000
v -0.145664 1.244336 0.045033
v -0.159123 1.230877 0.026000
v -0.136366 1.202308 0.000000
v -0.132271 1.207944 -0.026000
v -0.121084 1.223342 -0.045033
v -0.105801 1.244377 -0.052000
v -0.090519 1.265411 -0.045033
v -0.079331 1.280810 -0.026000
v -0.075237 1.286446 0.000000
v -0.079331 1.280810 0.026000
v -0.090519 1.265411 0.045033
v -0.105801 1.244377 0.052000
v -0.121084 1.223342 0.045033
v -0.132271 1.207944 0.026000
v -0.105326 1.183286 0.000000
v -0.102163 1.189494 -0.026000
v -0.093522 1.206453 -0.045033
v -0.081718 1.229619 -0.052000
v -0.069915 1.252785 -0.045033
v -0.061274 1.269744 -0.026000
v -0.058111 1.275951 0.000000
v -0.061274 1.269744 0.026000
v -0.069915 1.252785 0.045033
v -0.081718 1.229619 0.052000
v -0.093522 1.206453 0.045033
v -0.102163 1.189494 0.026000
v -0.071692 1.169355 0.000000
v -0.069539 1.175981 -0.026000
v -0.063658 1.194082 -0.045033
v -0.055623 1.218810 -0.052000
v -0.047589 1.243537 -0.045033
v -0.041707 1.261639 -0.026000
v -0.039554 1.268265 0.000000
v -0.041707 1.261639 0.026000
v -0.047589 1.243537 0.045033
v -0.055623 1.218810 0.052000
v -0.063658 1.194082 0.045033
v -0.069539 1.175981 0.026000
v -0.036293 1.160856 0.000000
v -0.035203 1.167737 -0.026000
v -0.032225 1.186536 -0.045033
v -0.028158 1.212216 -0.052000
v -0.024091 1.237896 -0.045033
v -0.021113 1.256695 -0.026000
v -0.020024 1.263576 0.000000
v -0.021113 1.256695 0.026000
v -0.024091 1.237896 0.045033
v -0.028158 1.212216 0.052000
v -0.032225 1.186536 0.045033
v -0.035203 1.167737 0.026000
v 0.000000 1.158000 0.000000
v 0.000000 1.164967 -0.026000
v 0.000000 1.184000 -0.045033
v 0.000000 1.210000 -0.052000
v 0.000000 1.236000 -0.045033
v 0.000000 1.255033 -0.026000
v 0.000000 1.262000 0.000000
v 0.000000 1.255033 0.026000
v 0.000000 1.236000 0.045033
v 0.000000 1.210000 0.052000
v 0.000000 1.184000 0.045033
v 0.000000 1.164967 0.026000
v 0.036293 1.160856 0.000000
v 0.035203 1.167737 -0.026000
v 0.032225 1.186536 -0.045033
v 0.028158 1.212216 -0.052000
v 0.024091 1.237896 -0.045033
v 0.021113 1.256695 -0.026000
v 0.020024 1.263576 0.000000
v 0.021113 1.256695 0.026000
v 0.024091 1.237896 0.045033
v 0.028158 1.212216 0.052000
v 0.032225 1.186536 0.045033
v 0.035203 1.167737 0.026000
v 0.071692 1.169355 0.000000
v 0.069539 1.175981 -0.026000
v 0.063658 1.194082 -0.045033
v 0.055623 1.218810 -0.052000
v 0.047589 1.243537 -0.045033
v 0.041707 1.261639 -0.026000
v 0.039554 1.268265 0.000000
v 0.041707 1.261639 0.026000
v 0.047589 1.243537 0.045033
v 0.055623 1.218810 0.052000
v 0.063658 1.194082 0.045033
v 0.069539 1.175981 0.026000
v 0.105326 1.183286 0.000000
v 0.102163 1.189494 -0.026000
v 0.093522 1.206453 -0.045033
v 0.081718 1.229619 -0.052000
v 0.069915 1.252785 -0.045033
v 0.061274 1.269744 -0.026000
v 0.058111 1.275951 0.000000
v 0.061274 1.269744 0.026000
v 0.069915 1.252785 0.045033
v 0.081718 1.229619 0.052000
v 0.093522 1.206453 0.045033
v 0.102163 1.189494 0.026000
v 0.136366 1.202308 0.000000
v 0.132271 1.207944 -0.026000
v 0.121084 1.223342 -0.045033
v 0.105801 1.244377 -0.052000
v 0.090519 1.265411 -0.045033
v 0.079331 1.280810 -0.026000
v 0.075237 1.286446 0.000000
v 0.079331 1.280810 0.026000
v 0.090519 1.265411 0.045033
v 0.105801 1.244377 0.052000
v 0.121084 1.223342 0.045033
v 0.132271 1.207944 0.026000
v 0.164049 1.225951 0.000000
v 0.159123 1.230877 -0.026000
v 0.145664 1.244336 -0.045033
v 0.127279 1.262721 -0.052000
v 0.108894 1.281106 -0.045033
v 0.095436 1.294564 -0.026000
v 0.090510 1.299490 0.000000
v 0.095436 1.294564 0.026000
v 0.108894 1.281106 0.045033
v 0.127279 1.262721 0.052000
v 0.145664 1.244336 0.045033
v 0.159123 1.230877 0.026000
v 0.187692 1.253634 0.000000
v 0.182056 1.257729 -0.026000
v 0.166658 1.268916 -0.045033
v 0.145623 1.284199 -0.052000
v 0.124589 1.299481 -0.045033
v 0.109190 1.310669 -0.026000
v 0.103554 1.314763 0.000000
v 0.109190 1.310669 0.026000
v 0.124589 1.299481 0.045033
v 0.145623 1.284199 0.052000
v 0.166658 1.268916 0.045033
v 0.182056 1.257729 0.026000
v 0.206714 1.284674 0.000000
v 0.200506 1.287837 -0.026000
v 0.183547 1.296478 -0.045033
v 0.160381 1.308282 -0.052000
v 0.137215 1.320085 -0.045033
v 0.120256 1.328726 -0.026000
v 0.114049 1.331889 0.000000
v 0.120256 1.328726 0.026000
v 0.137215 1.320085 0.045033
v 0.160381 1.308282 0.052000
v 0.183547 1.296478 0.045033
v 0.200506 1.287837 0.026000
v 0.220645 1.318308 0.000000
v 0.214019 1.320461 -0.026000
v 0.195918 1.326342 -0.045033
v 0.171190 1.334377 -0.052000
v 0.146463 1.342411 -0.045033
v 0.128361 1.348293 -0.026000
v 0.121735 1.350446 0.000000
v 0.128361 1.348293 0.026000
v 0.146463 1.342411 0.045033
v 0.171190 1.334377 0.052000
v 0.195918 1.326342 0.045033
v 0.214019 1.320461 0.026000
v 0.229144 1.353707 0.000000
v 0.222263 1.354797 -0.026000
v 0.203464 1.357775 -0.045033
v 0.177784 1.361842 -0.052000
v 0.152104 1.365909 -0.045033
v 0.133305 1.368887 -0.026000
v 0.126424 1.369976 0.000000
v 0.133305 1.368887 0.026000
v 0.152104 1.365909 0.045033
v 0.177784 1.361842 0.052000
v 0.203464 1.357775 0.045033
v 0.222263 1.354797 0.026000
v 0.835000 0.150000 -0.047000
v 0.850940 0.132732 -0.040703
v 0.862608 0.120091 -0.023500
v 0.866879 0.115464 0.000000
v 0.862608 0.120091 0.023500
v 0.850940 0.132732 0.040703
v 0.835000 0.150000 0.047000
v 0.819060 0.167268 0.040703
v 0.807392 0.179909 0.023500
v 0.803121 0.184536 0.000000
v 0.807392 0.179909 -0.023500
v 0.819060 0.167268 -0.040703
v 0.770000 0.090000 -0.038000
v 0.782947 0.076094 -0.032909
v 0.792425 0.065914 -0.019000
v 0.795894 0.062188 0.000000
v 0.792425 0.065914 0.019000
v 0.782947 0.076094 0.032909
v 0.770000 0.090000 0.038000
v 0.757053 0.103906 0.032909
v 0.747575 0.114086 0.019000
v 0.744106 0.117812 0.000000
v 0.747575 0.114086 -0.019000
v 0.757053 0.103906 -0.032909
v 0.690000 0.015000 -0.022000
v 0.697778 0.007222 -0.019053
v 0.703472 0.001528 -0.011000
v 0.705556 -0.000556 0.000000
v 0.703472 0.001528 0.011000
v 0.697778 0.007222 0.019053
v 0.690000 0.015000 0.022000
v 0.682222 0.022778 0.019053
v 0.676528 0.028472 0.011000
v 0.674444 0.030556 0.000000
v 0.676528 0.028472 -0.011000
v 0.682222 0.022778 -0.019053
v 0.605000 -0.075000 -0.004000
v 0.606454 -0.076373 -0.003464
v 0.607518 -0.077379 -0.002000
v 0.607908 -0.077746 0.000000
v 0.607518 -0.077379 0.002000
v 0.606454 -0.076373 0.003464
v 0.605000 -0.075000 0.004000
v 0.603546 -0.073627 0.003464
v 0.602482 -0.072621 0.002000
v 0.602092 -0.072254 0.000000
v 0.602482 -0.072621 -0.002000
v 0.603546 -0.073627 -0.003464
v 0.835000 0.150000 0.000000
v 0.605000 -0.075000 0.000000
v 0.000000 1.390000 -0.016000
v -0.009401 1.390264 -0.012944
v -0.015211 1.390426 -0.004944
v -0.015211 1.390426 0.004944
v -0.009401 1.390264 0.012944
v 0.000000 1.390000 0.016000
v 0.009401 1.389736 0.012944
v 0.015211 1.389574 0.004944
v 0.015211 1.389574 -0.004944
v 0.009401 1.389736 -0.012944
v 0.001345 1.437959 -0.016961
v -0.008056 1.438222 -0.013905
v -0.013866 1.438384 -0.005905
v -0.013866 1.438384 0.003983
v -0.008056 1.438222 0.011983
v 0.001345 1.437959 0.015039
v 0.010745 1.437697 0.011983
v 0.016556 1.437534 0.003983
v 0.016556 1.437534 -0.005905
v 0.010745 1.437697 -0.013905
v 0.002678 1.485918 -0.017918
v -0.006723 1.486178 -0.014862
v -0.012533 1.486338 -0.006862
v -0.012533 1.486338 0.003026
v -0.006723 1.486178 0.011026
v 0.002678 1.485918 0.014082
v 0.012079 1.485659 0.011026
v 0.017889 1.485499 0.003026
v 0.017889 1.485499 -0.006862
v 0.012079 1.485659 -0.014862
v 0.003991 1.533878 -0.018867
v -0.005411 1.534132 -0.015812
v -0.011221 1.534289 -0.007812
v -0.011221 1.534289 0.002077
v -0.005411 1.534132 0.010077
v 0.003991 1.533878 0.013133
v 0.013392 1.533623 0.010077
v 0.019202 1.533466 0.002077
v 0.019202 1.533466 -0.007812
v 0.013392 1.533623 -0.015812
v 0.005271 1.581837 -0.019805
v -0.004131 1.582084 -0.016749
v -0.009941 1.582236 -0.008749
v -0.009941 1.582236 0.001139
v -0.004131 1.582084 0.009139
v 0.005271 1.581837 0.012195
v 0.014672 1.581590 0.009139
v 0.020482 1.581437 0.001139
v 0.020482 1.581437 -0.008749
v 0.014672 1.581590 -0.016749
v 0.006508 1.629796 -0.020727
v -0.002893 1.630033 -0.017671
v -0.008704 1.630180 -0.009671
v -0.008704 1.630180 0.000218
v -0.002893 1.630033 0.008218
v 0.006508 1.629796 0.011273
v 0.015910 1.629558 0.008218
v 0.021720 1.629412 0.000218
v 0.021720 1.629412 -0.009671
v 0.015910 1.629558 -0.017671
v 0.007693 1.677755 -0.021629
v -0.001708 1.677981 -0.018573
v -0.007519 1.678121 -0.010573
v -0.007519 1.678121 -0.000685
v -0.001708 1.677981 0.007315
v 0.007693 1.677755 0.010371
v 0.017095 1.677529 0.007315
v 0.022906 1.677389 -0.000685
v 0.022906 1.677389 -0.010573
v 0.017095 1.677529 -0.018573
v 0.008817 1.725714 -0.022508
v -0.000585 1.725928 -0.019453
v -0.006396 1.726059 -0.011453
v -0.006396 1.726059 -0.001564
v -0.000585 1.725928 0.006436
v 0.008817 1.725714 0.009492
v 0.018219 1.725501 0.006436
v 0.024030 1.725369 -0.001564
v 0.024030 1.725369 -0.011453
v 0.018219 1.725501 -0.019453
v 0.009869 1.773673 -0.023361
v 0.000467 1.773872 -0.020305
v -0.005344 1.773995 -0.012305
v -0.005344 1.773995 -0.002416
v 0.000467 1.773872 0.005584
v 0.009869 1.773673 0.008639
v 0.019272 1.773475 0.005584
v 0.025083 1.773352 -0.002416
v 0.025083 1.773352 -0.012305
v 0.019272 1.773475 -0.020305
v 0.010842 1.821633 -0.024183
v 0.001439 1.821815 -0.021127
v -0.004372 1.821927 -0.013127
v -0.004372 1.821927 -0.003239
v 0.001439 1.821815 0.004761
v 0.010842 1.821633 0.007817
v 0.020245 1.821450 0.004761
v 0.026056 1.821338 -0.003239
v 0.026056 1.821338 -0.013127
v 0.020245 1.821450 -0.021127
v 0.011727 1.869592 -0.024972
v 0.002324 1.869756 -0.021916
v -0.003487 1.869858 -0.013916
v -0.003487 1.869858 -0.004027
v 0.002324 1.869756 0.003973
v 0.011727 1.869592 0.007028
v 0.021131 1.869427 0.003973
v 0.026942 1.869326 -0.004027
v 0.026942 1.869326 -0.013916
v 0.021131 1.869427 -0.021916
v 0.012519 1.917551 -0.025723
v 0.003115 1.917696 -0.022668
v -0.002696 1.917786 -0.014668
v -0.002696 1.917786 -0.004779
v 0.003115 1.917696 0.003221
v 0.012519 1.917551 0.006277
v 0.021922 1.917406 0.003221
v 0.027734 1.917316 -0.004779
v 0.027734 1.917316 -0.014668
v 0.021922 1.917406 -0.022668
v 0.013209 1.965510 -0.026435
v 0.003805 1.965635 -0.023380
v -0.002007 1.965712 -0.015380
v -0.002007 1.965712 -0.005491
v 0.003805 1.965635 0.002509
v 0.013209 1.965510 0.005565
v 0.022613 1.965385 0.002509
v 0.028424 1.965308 -0.005491
v 0.028424 1.965308 -0.015380
v 0.022613 1.965385 -0.023380
v 0.013793 2.013469 -0.027104
v 0.004389 2.013573 -0.024048
v -0.001423 2.013637 -0.016048
v -0.001423 2.013637 -0.006160
v 0.004389 2.013573 0.001840
v 0.013793 2.013469 0.004896
v 0.023197 2.013366 0.001840
v 0.029009 2.013302 -0.006160
v 0.029009 2.013302 -0.016048
v 0.023197 2.013366 -0.024048
v 0.014266 2.061429 -0.027727
v 0.004862 2.061510 -0.024672
v -0.000950 2.061560 -0.016672
v -0.000950 2.061560 -0.006783
v 0.004862 2.061510 0.001217
v 0.014266 2.061429 0.004273
v 0.023670 2.061347 0.001217
v 0.029482 2.061297 -0.006783
v 0.029482 2.061297 -0.016672
v 0.023670 2.061347 -0.024672
v 0.014624 2.109388 -0.028303
v 0.005220 2.109446 -0.025247
v -0.000593 2.109483 -0.017247
v -0.000593 2.109483 -0.007358
v 0.005220 2.109446 0.000642
v 0.014624 2.109388 0.003697
v 0.024028 2.109329 0.000642
v 0.029841 2.109293 -0.007358
v 0.029841 2.109293 -0.017247
v 0.024028 2.109329 -0.025247
v 0.014864 2.157347 -0.028827
v 0.005460 2.157382 -0.025771
v -0.000353 2.157404 -0.017771
v -0.000353 2.157404 -0.007883
v 0.005460 2.157382 0.000117
v 0.014864 2.157347 0.003173
v 0.024269 2.157312 0.000117
v 0.030081 2.157290 -0.007883
v 0.030081 2.157290 -0.017771
v 0.024269 2.157312 -0.025771
v 0.014985 2.205306 -0.029299
v 0.005580 2.205318 -0.026243
v -0.000232 2.205325 -0.018243
v -0.000232 2.205325 -0.008355
v 0.005580 2.205318 -0.000355
v 0.014985 2.205306 0.002701
v 0.024389 2.205294 -0.000355
v 0.030202 2.205287 -0.008355
v 0.030202 2.205287 -0.018243
v 0.024389 2.205294 -0.026243
v 0.014985 2.253265 -0.029716
v 0.005580 2.253253 -0.026660
v -0.000232 2.253246 -0.018660
v -0.000232 2.253246 -0.008772
v 0.005580 2.253253 -0.000772
v 0.014985 2.253265 0.002284
v 0.024389 2.253277 -0.000772
v 0.030202 2.253284 -0.008772
v 0.030202 2.253284 -0.018660
v 0.024389 2.253277 -0.026660
v 0.014864 2.301224 -0.030077
v 0.005460 2.301189 -0.027021
v -0.000353 2.301167 -0.019021
v -0.000353 2.301167 -0.009133
v 0.005460 2.301189 -0.001133
v 0.014864 2.301224 0.001923
v 0.024269 2.301260 -0.001133
v 0.030081 2.301282 -0.009133
v 0.030081 2.301282 -0.019021
v 0.024269 2.301260 -0.027021
v 0.014624 2.349184 -0.030380
v 0.005220 2.349125 -0.027324
v -0.000593 2.349089 -0.019324
v -0.000593 2.349089 -0.009436
v 0.005220 2.349125 -0.001436
v 0.014624 2.349184 0.001620
v 0.024028 2.349242 -0.001436
v 0.029841 2.349279 -0.009436
v 0.029841 2.349279 -0.019324
v 0.024028 2.349242 -0.027324
v 0.014266 2.397143 -0.030624
v 0.004862 2.397061 -0.027568
v -0.000950 2.397011 -0.019568
v -0.000950 2.397011 -0.009680
v 0.004862 2.397061 -0.001680
v 0.014266 2.397143 0.001376
v 0.023670 2.397224 -0.001680
v 0.029482 2.397275 -0.009680
v 0.029482 2.397275 -0.019568
v 0.023670 2.397224 -0.027568
v 0.013793 2.445102 -0.030808
v 0.004389 2.444998 -0.027752
v -0.001423 2.444934 -0.019752
v -0.001423 2.444934 -0.009863
v 0.004389 2.444998 -0.001863
v 0.013793 2.445102 0.001192
v 0.023197 2.445206 -0.001863
v 0.029009 2.445270 -0.009863
v 0.029009 2.445270 -0.019752
v 0.023197 2.445206 -0.027752
v 0.013209 2.493061 -0.030931
v 0.003805 2.492936 -0.027875
v -0.002007 2.492859 -0.019875
v -0.002007 2.492859 -0.009986
v 0.003805 2.492936 -0.001986
v 0.013209 2.493061 0.001069
v 0.022613 2.493186 -0.001986
v 0.028424 2.493263 -0.009986
v 0.028424 2.493263 -0.019875
v 0.022613 2.493186 -0.027875
v 0.012519 2.541020 -0.030992
v 0.003115 2.540875 -0.027937
v -0.002696 2.540785 -0.019937
v -0.002696 2.540785 -0.010048
v 0.003115 2.540875 -0.002048
v 0.012519 2.541020 0.001008
v 0.021922 2.541166 -0.002048
v 0.027734 2.541255 -0.010048
v 0.027734 2.541255 -0.019937
v 0.021922 2.541166 -0.027937
v 0.011727 2.588980 -0.030992
v 0.002324 2.588815 -0.027937
v -0.003487 2.588714 -0.019937
v -0.003487 2.588714 -0.010048
v 0.002324 2.588815 -0.002048
v 0.011727 2.588980 0.001008
v 0.021131 2.589144 -0.002048
v 0.026942 2.589246 -0.010048
v 0.026942 2.589246 -0.019937
v 0.021131 2.589144 -0.027937
v 0.010842 2.636939 -0.030931
v 0.001439 2.636757 -0.027875
v -0.004372 2.636644 -0.019875
v -0.004372 2.636644 -0.009986
v 0.001439 2.636757 -0.001986
v 0.010842 2.636939 0.001069
v 0.020245 2.637121 -0.001986
v 0.026056 2.637234 -0.009986
v 0.026056 2.637234 -0.019875
v 0.020245 2.637121 -0.027875
v 0.009869 2.684898 -0.030808
v 0.000467 2.684699 -0.027752
v -0.005344 2.684577 -0.019752
v -0.005344 2.684577 -0.009863
v 0.000467 2.684699 -0.001863
v 0.009869 2.684898 0.001192
v 0.019272 2.685096 -0.001863
v 0.025083 2.685219 -0.009863
v 0.025083 2.685219 -0.019752
v 0.019272 2.685096 -0.027752
v 0.008817 2.732857 -0.030624
v -0.000585 2.732644 -0.027568
v -0.006396 2.732512 -0.019568
v -0.006396 2.732512 -0.009680
v -0.000585 2.732644 -0.001680
v 0.008817 2.732857 0.001376
v 0.018219 2.733070 -0.001680
v 0.024030 2.733202 -0.009680
v 0.024030 2.733202 -0.019568
v 0.018219 2.733070 -0.027568
v 0.007693 2.780816 -0.030380
v -0.001708 2.780590 -0.027324
v -0.007519 2.780450 -0.019324
v -0.007519 2.780450 -0.009436
v -0.001708 2.780590 -0.001436
v 0.007693 2.780816 0.001620
v 0.017095 2.781043 -0.001436
v 0.022906 2.781182 -0.009436
v 0.022906 2.781182 -0.019324
v 0.017095 2.781043 -0.027324
v 0.006508 2.828776 -0.030077
v -0.002893 2.828538 -0.027021
v -0.008704 2.828391 -0.019021
v -0.008704 2.828391 -0.009133
v -0.002893 2.828538 -0.001133
v 0.006508 2.828776 0.001923
v 0.015910 2.829013 -0.001133
v 0.021720 2.829160 -0.009133
v 0.021720 2.829160 -0.019021
v 0.015910 2.829013 -0.027021
v 0.005271 2.876735 -0.029716
v -0.004131 2.876488 -0.026660
v -0.009941 2.876335 -0.018660
v -0.009941 2.876335 -0.008772
v -0.004131 2.876488 -0.000772
v 0.005271 2.876735 0.002284
v 0.014672 2.876981 -0.000772
v 0.020482 2.877134 -0.008772
v 0.020482 2.877134 -0.018660
v 0.014672 2.876981 -0.026660
v 0.003991 2.924694 -0.029299
v -0.005411 2.924440 -0.026243
v -0.011221 2.924283 -0.018243
v -0.011221 2.924283 -0.008355
v -0.005411 2.924440 -0.000355
v 0.003991 2.924694 0.002701
v 0.013392 2.924948 -0.000355
v 0.019202 2.925105 -0.008355
v 0.019202 2.925105 -0.018243
v 0.013392 2.924948 -0.026243
v 0.002678 2.972653 -0.028827
v -0.006723 2.972394 -0.025771
v -0.012533 2.972233 -0.017771
v -0.012533 2.972233 -0.007883
v -0.006723 2.972394 0.000117
v 0.002678 2.972653 0.003173
v 0.012079 2.972912 0.000117
v 0.017889 2.973073 -0.007883
v 0.017889 2.973073 -0.017771
v 0.012079 2.972912 -0.025771
v 0.001345 3.020612 -0.028303
v -0.008056 3.020350 -0.025247
v -0.013866 3.020188 -0.017247
v -0.013866 3.020188 -0.007358
v -0.008056 3.020350 0.000642
v 0.001345 3.020612 0.003697
v 0.010745 3.020875 0.000642
v 0.016556 3.021037 -0.007358
v 0.016556 3.021037 -0.017247
v 0.010745 3.020875 -0.025247
v 0.000000 3.068571 -0.027727
v -0.009401 3.068308 -0.024672
v -0.015211 3.068145 -0.016672
v -0.015211 3.068145 -0.006783
v -0.009401 3.068308 0.001217
v 0.000000 3.068571 0.004273
v 0.009401 3.068835 0.001217
v 0.015211 3.068998 -0.006783
v 0.015211 3.068998 -0.016672
v 0.009401 3.068835 -0.024672
v -0.001345 3.116531 -0.027104
v -0.010745 3.116268 -0.024048
v -0.016556 3.116106 -0.016048
v -0.016556 3.116106 -0.006160
v -0.010745 3.116268 0.001840
v -0.001345 3.116531 0.004896
v 0.008056 3.116793 0.001840
v 0.013866 3.116955 -0.006160
v 0.013866 3.116955 -0.016048
v 0.008056 3.116793 -0.024048
v -0.002678 3.164490 -0.026435
v -0.012079 3.164230 -0.023380
v -0.017889 3.164070 -0.015380
v -0.017889 3.164070 -0.005491
v -0.012079 3.164230 0.002509
v -0.002678 3.164490 0.005565
v 0.006723 3.164749 0.002509
v 0.012533 3.164909 -0.005491
v 0.012533 3.164909 -0.015380
v 0.006723 3.164749 -0.023380
v -0.003991 3.212449 -0.025723
v -0.013392 3.212195 -0.022668
v -0.019202 3.212038 -0.014668
v -0.019202 3.212038 -0.004779
v -0.013392 3.212195 0.003221
v -0.003991 3.212449 0.006277
v 0.005411 3.212703 0.003221
v 0.011221 3.212860 -0.004779
v 0.011221 3.212860 -0.014668
v 0.005411 3.212703 -0.022668
v -0.005271 3.260408 -0.024972
v -0.014672 3.260161 -0.021916
v -0.020482 3.260009 -0.013916
v -0.020482 3.260009 -0.004027
v -0.014672 3.260161 0.003973
v -0.005271 3.260408 0.007028
v 0.004131 3.260655 0.003973
v 0.009941 3.260807 -0.004027
v 0.009941 3.260807 -0.013916
v 0.004131 3.260655 -0.021916
v -0.006508 3.308367 -0.024183
v -0.015910 3.308130 -0.021127
v -0.021720 3.307983 -0.013127
v -0.021720 3.307983 -0.003239
v -0.015910 3.308130 0.004761
v -0.006508 3.308367 0.007817
v 0.002893 3.308605 0.004761
v 0.008704 3.308752 -0.003239
v 0.008704 3.308752 -0.013127
v 0.002893 3.308605 -0.021127
v -0.007693 3.356327 -0.023361
v -0.017095 3.356100 -0.020305
v -0.022906 3.355960 -0.012305
v -0.022906 3.355960 -0.002416
v -0.017095 3.356100 0.005584
v -0.007693 3.356327 0.008639
v 0.001708 3.356553 0.005584
v 0.007519 3.356693 -0.002416
v 0.007519 3.356693 -0.012305
v 0.001708 3.356553 -0.020305
v -0.008817 3.404286 -0.022508
v -0.018219 3.404072 -0.019453
v -0.024030 3.403941 -0.011453
v -0.024030 3.403941 -0.001564
v -0.018219 3.404072 0.006436
v -0.008817 3.404286 0.009492
v 0.000585 3.404499 0.006436
v 0.006396 3.404631 -0.001564
v 0.006396 3.404631 -0.011453
v 0.000585 3.404499 -0.019453
v -0.009869 3.452245 -0.021629
v -0.019272 3.452046 -0.018573
v -0.025083 3.451924 -0.010573
v -0.025083 3.451924 -0.000685
v -0.019272 3.452046 0.007315
v -0.009869 3.452245 0.010371
v -0.000467 3.452443 0.007315
v 0.005344 3.452566 -0.000685
v 0.005344 3.452566 -0.010573
v -0.000467 3.452443 -0.018573
v -0.010842 3.500204 -0.020727
v -0.020245 3.500022 -0.017671
v -0.026056 3.499909 -0.009671
v -0.026056 3.499909 0.000218
v -0.020245 3.500022 0.008218
v -0.010842 3.500204 0.011273
v -0.001439 3.500386 0.008218
v 0.004372 3.500499 0.000218
v 0.004372 3.500499 -0.009671
v -0.001439 3.500386 -0.017671
v -0.011727 3.548163 -0.019805
v -0.021131 3.547999 -0.016749
v -0.026942 3.547897 -0.008749
v -0.026942 3.547897 0.001139
v -0.021131 3.547999 0.009139
v -0.011727 3.548163 0.012195
v -0.002324 3.548328 0.009139
v 0.003487 3.548429 0.001139
v 0.003487 3.548429 -0.008749
v -0.002324 3.548328 -0.016749
v -0.012519 3.596122 -0.018867
v -0.021922 3.595977 -0.015812
v -0.027734 3.595887 -0.007812
v -0.027734 3.595887 0.002077
v -0.021922 3.595977 0.010077
v -0.012519 3.596122 0.013133
v -0.003115 3.596268 0.010077
v 0.002696 3.596357 0.002077
v 0.002696 3.596357 -0.007812
v -0.003115 3.596268 -0.015812
v -0.013209 3.644082 -0.017918
v -0.022613 3.643957 -0.014862
v -0.028424 3.643879 -0.006862
v -0.028424 3.643879 0.003026
v -0.022613 3.643957 0.011026
v -0.013209 3.644082 0.014082
v -0.003805 3.644207 0.011026
v 0.002007 3.644284 0.003026
v 0.002007 3.644284 -0.006862
v -0.003805 3.644207 -0.014862
v -0.013793 3.692041 -0.016961
v -0.023197 3.691937 -0.013905
v -0.029009 3.691873 -0.005905
v -0.029009 3.691873 0.003983
v -0.023197 3.691937 0.011983
v -0.013793 3.692041 0.015039
v -0.004389 3.692144 0.011983
v 0.001423 3.692208 0.003983
v 0.001423 3.692208 -0.005905
v -0.004389 3.692144 -0.013905
v -0.014266 3.740000 -0.016000
v -0.023670 3.739907 -0.012944
v -0.029482 3.739850 -0.004944
v -0.029482 3.739850 0.004944
v -0.023670 3.739907 0.012944
v -0.014266 3.740000 0.016000
v -0.004862 3.740093 0.012944
v 0.000950 3.740150 0.004944
v 0.000950 3.740150 -0.004944
v -0.004862 3.740093 -0.012944
v 0.000000 1.390000 0.000000
v -0.014266 3.740000 0.000000
vn -0.0000 0.6603 -0.7510
vn 0.3259 0.6603 -0.6766
vn 0.5872 0.6603 -0.4683
vn 0.7322 0.6603 -0.1671
vn 0.7322 0.6603 0.1671
vn 0.5872 0.6603 0.4683
vn 0.3259 0.6603 0.6766
vn -0.0000 0.6603 0.7510
vn -0.3259 0.6603 0.6766
vn -0.5872 0.6603 0.4683
vn -0.7322 0.6603 0.1671
vn -0.7322 0.6603 -0.1671
vn -0.5872 0.6603 -0.4683
vn -0.3259 0.6603 -0.6766
vn -0.0000 -0.0000 -1.0000
vn 0.4339 -0.0000 -0.9010
vn 0.7818 -0.0000 -0.6235
vn 0.9749 -0.0000 -0.2225
vn 0.9749 -0.0000 0.2225
vn 0.7818 -0.0000 0.6235
vn 0.4339 -0.0000 0.9010
vn -0.0000 -0.0000 1.0000
vn -0.4339 -0.0000 0.9010
vn -0.7818 -0.0000 0.6235
vn -0.9749 -0.0000 0.2225
vn -0.9749 -0.0000 -0.2225
vn -0.7818 -0.0000 -0.6235
vn -0.4339 -0.0000 -0.9010
vn -0.0038 -0.0002 -1.0000
vn 0.4307 0.0115 -0.9024
vn 0.7801 0.0208 -0.6253
vn 0.9744 0.0259 -0.2233
vn 0.9744 0.0259 0.2233
vn 0.7801 0.0208 0.6253
vn 0.4307 0.0115 0.9024
vn -0.0038 -0.0002 1.0000
vn -0.4369 -0.0120 0.8994
vn -0.7831 -0.0215 0.6216
vn -0.9748 -0.0268 0.2217
vn -0.9748 -0.0268 -0.2217
vn -0.7831 -0.0215 -0.6216
vn -0.4369 -0.0120 -0.8994
vn -0.0076 -0.0009 -1.0000
vn 0.4250 0.0461 -0.9040
vn 0.7742 0.0839 -0.6274
vn 0.9689 0.1049 -0.2243
vn 0.9689 0.1049 0.2243
vn 0.7742 0.0839 0.6274
vn 0.4250 0.0461 0.9040
vn -0.0076 -0.0009 1.0000
vn -0.4374 -0.0477 0.8980
vn -0.7801 -0.0851 0.6199
vn -0.9695 -0.1058 0.2209
vn -0.9695 -0.1058 -0.2209
vn -0.7801 -0.0851 -0.6199
vn -0.4374 -0.0477 -0.8980
vn -0.0075 -0.0016 -1.0000
vn 0.4176 0.0919 -0.9040
vn 0.7606 0.1674 -0.6273
vn 0.9518 0.2095 -0.2242
vn 0.9518 0.2095 0.2242
vn 0.7606 0.1674 0.6273
vn 0.4176 0.0919 0.9040
vn -0.0075 -0.0016 1.0000
vn -0.4298 -0.0946 0.8980
vn -0.7664 -0.1687 0.6198
vn -0.9525 -0.2097 0.2209
vn -0.9525 -0.2097 -0.2209
vn -0.7664 -0.1687 -0.6198
vn -0.4298 -0.0946 -0.8980
vn -0.0073 -0.0024 -1.0000
vn 0.4052 0.1365 -0.9040
vn 0.7380 0.2487 -0.6273
vn 0.9235 0.3112 -0.2242
vn 0.9235 0.3112 0.2242
vn 0.7380 0.2487 0.6273
vn 0.4052 0.1365 0.9040
vn -0.0073 -0.0024 1.0000
vn -0.4170 -0.1405 0.8980
vn -0.7437 -0.2506 0.6198
vn -0.9242 -0.3114 0.2209
vn -0.9242 -0.3114 -0.2209
vn -0.7437 -0.2506 -0.6198
vn -0.4170 -0.1405 -0.8980
vn -0.0070 -0.0032 -1.0000
vn 0.3881 0.1796 -0.9040
vn 0.7068 0.3270 -0.6273
vn 0.8845 0.4092 -0.2242
vn 0.8845 0.4092 0.2242
vn 0.7068 0.3270 0.6273
vn 0.3881 0.1796 0.9040
vn -0.0070 -0.0032 1.0000
vn -0.3994 -0.1848 0.8980
vn -0.7122 -0.3295 0.6198
vn -0.8852 -0.4095 0.2209
vn -0.8852 -0.4095 -0.2209
vn -0.7122 -0.3295 -0.6198
vn -0.3994 -0.1848 -0.8980
vn -0.0066 -0.0040 -1.0000
vn 0.3664 0.2205 -0.9040
vn 0.6673 0.4015 -0.6273
vn 0.8350 0.5024 -0.2242
vn 0.8350 0.5024 0.2242
vn 0.6673 0.4015 0.6273
vn 0.3664 0.2205 0.9040
vn -0.0066 -0.0040 1.0000
vn -0.3771 -0.2269 0.8980
vn -0.6724 -0.4046 0.6198
vn -0.8357 -0.5028 0.2209
vn -0.8357 -0.5028 -0.2209
vn -0.6724 -0.4046 -0.6198
vn -0.3771 -0.2269 -0.8980
vn -0.0061 -0.0046 -1.0000
vn 0.3404 0.2588 -0.9040
vn 0.6200 0.4713 -0.6273
vn 0.7758 0.5898 -0.2242
vn 0.7758 0.5898 0.2242
vn 0.6200 0.4713 0.6273
vn 0.3404 0.2588 0.9040
vn -0.0061 -0.0046 1.0000
vn -0.3503 -0.2663 0.8980
vn -0.6247 -0.4749 0.6198
vn -0.7764 -0.5902 0.2209
vn -0.7764 -0.5902 -0.2209
vn -0.6247 -0.4749 -0.6198
vn -0.3503 -0.2663 -0.8980
vn -0.0056 -0.0053 -1.0000
vn 0.3105 0.2941 -0.9040
vn 0.5654 0.5356 -0.6273
vn 0.7075 0.6702 -0.2242
vn 0.7075 0.6702 0.2242
vn 0.5654 0.5356 0.6273
vn 0.3105 0.2941 0.9040
vn -0.0056 -0.0053 1.0000
vn -0.3195 -0.3026 0.8980
vn -0.5697 -0.5397 0.6198
vn -0.7081 -0.6707 0.2209
vn -0.7081 -0.6707 -0.2209
vn -0.5697 -0.5397 -0.6198
vn -0.3195 -0.3026 -0.8980
vn -0.0050 -0.0058 -1.0000
vn 0.2768 0.3259 -0.9040
vn 0.5042 0.5936 -0.6273
vn 0.6309 0.7428 -0.2242
vn 0.6309 0.7428 0.2242
vn 0.5042 0.5936 0.6273
vn 0.2768 0.3259 0.9040
vn -0.0050 -0.0058 1.0000
vn -0.2849 -0.3354 0.8980
vn -0.5081 -0.5981 0.6198
vn -0.6314 -0.7433 0.2209
vn -0.6314 -0.7433 -0.2209
vn -0.5081 -0.5981 -0.6198
vn -0.2849 -0.3354 -0.8980
vn -0.0043 -0.0063 -1.0000
vn 0.2400 0.3539 -0.9040
vn 0.4371 0.6446 -0.6273
vn 0.5469 0.8066 -0.2242
vn 0.5469 0.8066 0.2242
vn 0.4371 0.6446 0.6273
vn 0.2400 0.3539 0.9040
vn -0.0043 -0.0063 1.0000
vn -0.2470 -0.3642 0.8980
vn -0.4404 -0.6496 0.6198
vn -0.5473 -0.8072 0.2209
vn -0.5473 -0.8072 -0.2209
vn -0.4404 -0.6496 -0.6198
vn -0.2470 -0.3642 -0.8980
vn -0.0036 -0.0068 -1.0000
vn 0.2003 0.3778 -0.9040
vn 0.3648 0.6881 -0.6273
vn 0.4565 0.8610 -0.2242
vn 0.4565 0.8610 0.2242
vn 0.3648 0.6881 0.6273
vn 0.2003 0.3778 0.9040
vn -0.0036 -0.0068 1.0000
vn -0.2061 -0.3888 0.8980
vn -0.3676 -0.6934 0.6198
vn -0.4568 -0.8617 0.2209
vn -0.4568 -0.8617 -0.2209
vn -0.3676 -0.6934 -0.6198
vn -0.2061 -0.3888 -0.8980
vn -0.0028 -0.0071 -1.0000
vn 0.1583 0.3972 -0.9040
vn 0.2883 0.7235 -0.6273
vn 0.3607 0.9053 -0.2242
vn 0.3607 0.9053 0.2242
vn 0.2883 0.7235 0.6273
vn 0.1583 0.3972 0.9040
vn -0.0028 -0.0071 1.0000
vn -0.1629 -0.4088 0.8980
vn -0.2905 -0.7290 0.6198
vn -0.3610 -0.9060 0.2209
vn -0.3610 -0.9060 -0.2209
vn -0.2905 -0.7290 -0.6198
vn -0.1629 -0.4088 -0.8980
vn -0.0021 -0.0074 -1.0000
vn 0.1144 0.4120 -0.9040
vn 0.2084 0.7504 -0.6273
vn 0.2607 0.9390 -0.2242
vn 0.2607 0.9390 0.2242
vn 0.2084 0.7504 0.6273
vn 0.1144 0.4120 0.9040
vn -0.0021 -0.0074 1.0000
vn -0.1177 -0.4240 0.8980
vn -0.2099 -0.7562 0.6198
vn -0.2609 -0.9397 0.2209
vn -0.2609 -0.9397 -0.2209
vn -0.2099 -0.7562 -0.6198
vn -0.1177 -0.4240 -0.8980
vn -0.0012 -0.0076 -1.0000
vn 0.0692 0.4220 -0.9040
vn 0.1260 0.7686 -0.6273
vn 0.1577 0.9617 -0.2242
vn 0.1577 0.9617 0.2242
vn 0.1260 0.7686 0.6273
vn 0.0692 0.4220 0.9040
vn -0.0012 -0.0076 1.0000
vn -0.0712 -0.4343 0.8980
vn -0.1270 -0.7744 0.6198
vn -0.1578 -0.9625 0.2209
vn -0.1578 -0.9625 -0.2209
vn -0.1270 -0.7744 -0.6198
vn -0.0712 -0.4343 -0.8980
vn -0.0004 -0.0077 -1.0000
vn 0.0232 0.4270 -0.9040
vn 0.0422 0.7777 -0.6273
vn 0.0528 0.9731 -0.2242
vn 0.0528 0.9731 0.2242
vn 0.0422 0.7777 0.6273
vn 0.0232 0.4270 0.9040
vn -0.0004 -0.0077 1.0000
vn -0.0238 -0.4394 0.8980
vn -0.0425 -0.7836 0.6198
vn -0.0528 -0.9739 0.2209
vn -0.0528 -0.9739 -0.2209
vn -0.0425 -0.7836 -0.6198
vn -0.0238 -0.4394 -0.8980
vn 0.0004 -0.0077 -1.0000
vn -0.0232 0.4270 -0.9040
vn -0.0422 0.7777 -0.6273
vn -0.0528 0.9731 -0.2242
vn -0.0528 0.9731 0.2242
vn -0.0422 0.7777 0.6273
vn -0.0232 0.4270 0.9040
vn 0.0004 -0.0077 1.0000
vn 0.0238 -0.4394 0.8980
vn 0.0425 -0.7836 0.6198
vn 0.0528 -0.9739 0.2209
vn 0.0528 -0.9739 -0.2209
vn 0.0425 -0.7836 -0.6198
vn 0.0238 -0.4394 -0.8980
vn 0.0012 -0.0076 -1.0000
vn -0.0692 0.4220 -0.9040
vn -0.1260 0.7686 -0.6273
vn -0.1577 0.9617 -0.2242
vn -0.1577 0.9617 0.2242
vn -0.1260 0.7686 0.6273
vn -0.0692 0.4220 0.9040
vn 0.0012 -0.0076 1.0000
vn 0.0712 -0.4343 0.8980
vn 0.1270 -0.7744 0.6198
vn 0.1578 -0.9625 0.2209
vn 0.1578 -0.9625 -0.2209
vn 0.1270 -0.7744 -0.6198
vn 0.0712 -0.4343 -0.8980
vn 0.0021 -0.0074 -1.0000
vn -0.1144 0.4120 -0.9040
vn -0.2084 0.7504 -0.6273
vn -0.2607 0.9390 -0.2242
vn -0.2607 0.9390 0.2242
vn -0.2084 0.7504 0.6273
vn -0.1144 0.4120 0.9040
vn 0.0021 -0.0074 1.0000
vn 0.1177 -0.4240 0.8980
vn 0.2099 -0.7562 0.6198
vn 0.2609 -0.9397 0.2209
vn 0.2609 -0.9397 -0.2209
vn 0.2099 -0.7562 -0.6198
vn 0.1177 -0.4240 -0.8980
vn 0.0028 -0.0071 -1.0000
vn -0.1583 0.3972 -0.9040
vn -0.2883 0.7235 -0.6273
vn -0.3607 0.9053 -0.2242
vn -0.3607 0.9053 0.2242
vn -0.2883 0.7235 0.6273
vn -0.1583 0.3972 0.9040
vn 0.0028 -0.0071 1.0000
vn 0.1629 -0.4088 0.8980
vn 0.2905 -0.7290 0.6198
vn 0.3610 -0.9060 0.2209
vn 0.3610 -0.9060 -0.2209
vn 0.2905 -0.7290 -0.6198
vn 0.1629 -0.4088 -0.8980
vn 0.0036 -0.0068 -1.0000
vn -0.2003 0.3778 -0.9040
vn -0.3648 0.6881 -0.6273
vn -0.4565 0.8610 -0.2242
vn -0.4565 0.8610 0.2242
vn -0.3648 0.6881 0.6273
vn -0.2003 0.3778 0.9040
vn 0.0036 -0.0068 1.0000
vn 0.2061 -0.3888 0.8980
vn 0.3676 -0.6934 0.6198
vn 0.4568 -0.8617 0.2209
vn 0.4568 -0.8617 -0.2209
vn 0.3676 -0.6934 -0.6198
vn 0.2061 -0.3888 -0.8980
vn 0.0043 -0.0063 -1.0000
vn -0.2400 0.3539 -0.9040
vn -0.4371 0.6446 -0.6273
vn -0.5469 0.8066 -0.2242
vn -0.5469 0.8066 0.2242
vn -0.4371 0.6446 0.6273
vn -0.2400 0.3539 0.9040
vn 0.0043 -0.0063 1.0000
vn 0.2470 -0.3642 0.8980
vn 0.4404 -0.6496 0.6198
vn 0.5473 -0.8072 0.2209
vn 0.5473 -0.8072 -0.2209
vn 0.4404 -0.6496 -0.6198
vn 0.2470 -0.3642 -0.8980
vn 0.0050 -0.0058 -1.0000
vn -0.2768 0.3259 -0.9040
vn -0.5042 0.5936 -0.6273
vn -0.6309 0.7428 -0.2242
vn -0.6309 0.7428 0.2242
vn -0.5042 0.5936 0.6273
vn -0.2768 0.3259 0.9040
vn 0.0050 -0.0058 1.0000
vn 0.2849 -0.3354 0.8980
vn 0.5081 -0.5981 0.6198
vn 0.6314 -0.7433 0.2209
vn 0.6314 -0.7433 -0.2209
vn 0.5081 -0.5981 -0.6198
vn 0.2849 -0.3354 -0.8980
vn 0.0056 -0.0053 -1.0000
vn -0.3105 0.2941 -0.9040
vn -0.5654 0.5356 -0.6273
vn -0.7075 0.6702 -0.2242
vn -0.7075 0.6702 0.2242
vn -0.5654 0.5356 0.6273
vn -0.3105 0.2941 0.9040
vn 0.0056 -0.0053 1.0000
vn 0.3195 -0.3026 0.8980
vn 0.5697 -0.5397 0.6198
vn 0.7081 -0.6707 0.2209
vn 0.7081 -0.6707 -0.2209
vn 0.5697 -0.5397 -0.6198
vn 0.3195 -0.3026 -0.8980
vn 0.0061 -0.0046 -1.0000
vn -0.3404 0.2588 -0.9040
vn -0.6200 0.4713 -0.6273
vn -0.7758 0.5898 -0.2242
vn -0.7758 0.5898 0.2242
vn -0.6200 0.4713 0.6273
vn -0.3404 0.2588 0.9040
vn 0.0061 -0.0046 1.0000
vn 0.3503 -0.2663 0.8980
vn 0.6247 -0.4749 0.6198
vn 0.7764 -0.5902 0.2209
vn 0.7764 -0.5902 -0.2209
vn 0.6247 -0.4749 -0.6198
vn 0.3503 -0.2663 -0.8980
vn 0.0066 -0.0040 -1.0000
vn -0.3664 0.2205 -0.9040
vn -0.6673 0.4015 -0.6273
vn -0.8350 0.5024 -0.2242
vn -0.8350 0.5024 0.2242
vn -0.6673 0.4015 0.6273
vn -0.3664 0.2205 0.9040
vn 0.0066 -0.0040 1.0000
vn 0.3771 -0.2269 0.8980
vn 0.6724 -0.4046 0.6198
vn 0.8357 -0.5028 0.2209
vn 0.8357 -0.5028 -0.2209
vn 0.6724 -0.4046 -0.6198
vn 0.3771 -0.2269 -0.8980
vn 0.0070 -0.0032 -1.0000
vn -0.3881 0.1796 -0.9040
vn -0.7068 0.3270 -0.6273
vn -0.8845 0.4092 -0.2242
vn -0.8845 0.4092 0.2242
vn -0.7068 0.3270 0.6273
vn -0.3881 0.1796 0.9040
vn 0.0070 -0.0032 1.0000
vn 0.3994 -0.1848 0.8980
vn 0.7122 -0.3295 0.6198
vn 0.8852 -0.4095 0.2209
vn 0.8852 -0.4095 -0.2209
vn 0.7122 -0.3295 -0.6198
vn 0.3994 -0.1848 -0.8980
vn 0.0073 -0.0024 -1.0000
vn -0.4052 0.1365 -0.9040
vn -0.7380 0.2487 -0.6273
vn -0.9235 0.3112 -0.2242
vn -0.9235 0.3112 0.2242
vn -0.7380 0.2487 0.6273
vn -0.4052 0.1365 0.9040
vn 0.0073 -0.0024 1.0000
vn 0.4170 -0.1405 0.8980
vn 0.7437 -0.2506 0.6198
vn 0.9242 -0.3114 0.2209
vn 0.9242 -0.3114 -0.2209
vn 0.7437 -0.2506 -0.6198
vn 0.4170 -0.1405 -0.8980
vn 0.0075 -0.0016 -1.0000
vn -0.4176 0.0919 -0.9040
vn -0.7606 0.1674 -0.6273
vn -0.9518 0.2095 -0.2242
vn -0.9518 0.2095 0.2242
vn -0.7606 0.1674 0.6273
vn -0.4176 0.0919 0.9040
vn 0.0075 -0.0016 1.0000
vn 0.4298 -0.0946 0.8980
vn 0.7664 -0.1687 0.6198
vn 0.9525 -0.2097 0.2209
vn 0.9525 -0.2097 -0.2209
vn 0.7664 -0.1687 -0.6198
vn 0.4298 -0.0946 -0.8980
vn 0.0076 -0.0009 -1.0000
vn -0.4250 0.0461 -0.9040
vn -0.7742 0.0839 -0.6274
vn -0.9689 0.1049 -0.2243
vn -0.9689 0.1049 0.2243
vn -0.7742 0.0839 0.6274
vn -0.4250 0.0461 0.9040
vn 0.0076 -0.0009 1.0000
vn 0.4374 -0.0477 0.8980
vn 0.7801 -0.0851 0.6199
vn 0.9695 -0.1059 0.2209
vn 0.9695 -0.1059 -0.2209
vn 0.7801 -0.0851 -0.6199
vn 0.4374 -0.0477 -0.8980
vn 0.0042 -0.0001 -1.0000
vn -0.4304 0.0103 -0.9026
vn -0.7800 0.0186 -0.6255
vn -0.9745 0.0231 -0.2234
vn -0.9745 0.0231 0.2234
vn -0.7800 0.0186 0.6255
vn -0.4304 0.0103 0.9026
vn 0.0042 -0.0001 1.0000
vn 0.4372 -0.0108 0.8993
vn 0.7833 -0.0195 0.6214
vn 0.9748 -0.0243 0.2216
vn 0.9748 -0.0243 -0.2216
vn 0.7833 -0.0195 -0.6214
vn 0.4372 -0.0108 -0.8993
vn 0.0008 -0.0000 -1.0000
vn -0.4333 -0.0047 -0.9012
vn -0.7815 -0.0085 -0.6238
vn -0.9748 -0.0106 -0.2227
vn -0.9748 -0.0106 0.2227
vn -0.7815 -0.0085 0.6238
vn -0.4333 -0.0047 0.9012
vn 0.0008 -0.0000 1.0000
vn 0.4345 0.0046 0.9007
vn 0.7821 0.0083 0.6231
vn 0.9749 0.0104 0.2223
vn 0.9749 0.0104 -0.2223
vn 0.7821 0.0083 -0.6231
vn 0.4345 0.0046 -0.9007
vn -0.4332 -0.0093 -0.9013
vn -0.7813 -0.0168 -0.6239
vn -0.9747 -0.0210 -0.2227
vn -0.9747 -0.0210 0.2227
vn -0.7813 -0.0168 0.6239
vn -0.4332 -0.0093 0.9013
vn 0.4344 0.0094 0.9007
vn 0.7819 0.0168 0.6231
vn 0.9747 0.0210 0.2224
vn 0.9747 0.0210 -0.2224
vn 0.7819 0.0168 -0.6231
vn 0.4344 0.0094 -0.9007
vn -0.4330 -0.0140 -0.9013
vn -0.7811 -0.0252 -0.6239
vn -0.9744 -0.0315 -0.2227
vn -0.9744 -0.0315 0.2227
vn -0.7811 -0.0252 0.6239
vn -0.4330 -0.0140 0.9013
vn 0.4343 0.0140 0.9007
vn 0.7817 0.0253 0.6231
vn 0.9745 0.0315 0.2224
vn 0.9745 0.0315 -0.2224
vn 0.7817 0.0253 -0.6231
vn 0.4343 0.0140 -0.9007
vn -0.4329 -0.0186 -0.9013
vn -0.7808 -0.0336 -0.6239
vn -0.9740 -0.0420 -0.2227
vn -0.9740 -0.0420 0.2227
vn -0.7808 -0.0336 0.6239
vn -0.4329 -0.0186 0.9013
vn 0.4341 0.0187 0.9007
vn 0.7814 0.0337 0.6231
vn 0.9741 0.0420 0.2224
vn 0.9741 0.0420 -0.2224
vn 0.7814 0.0337 -0.6231
vn 0.4341 0.0187 -0.9007
vn -0.4326 -0.0233 -0.9013
vn -0.7804 -0.0420 -0.6239
vn -0.9735 -0.0524 -0.2227
vn -0.9735 -0.0524 0.2227
vn -0.7804 -0.0420 0.6239
vn -0.4326 -0.0233 0.9013
vn 0.4339 0.0234 0.9007
vn 0.7810 0.0421 0.6231
vn 0.9736 0.0524 0.2224
vn 0.9736 0.0524 -0.2224
vn 0.7810 0.0421 -0.6231
vn 0.4339 0.0234 -0.9007
vn -0.4324 -0.0279 -0.9013
vn -0.7799 -0.0504 -0.6239
vn -0.9729 -0.0629 -0.2227
vn -0.9729 -0.0629 0.2227
vn -0.7799 -0.0504 0.6239
vn -0.4324 -0.0279 0.9013
vn 0.4336 0.0280 0.9007
vn 0.7805 0.0504 0.6231
vn 0.9729 0.0629 0.2224
vn 0.9729 0.0629 -0.2224
vn 0.7805 0.0504 -0.6231
vn 0.4336 0.0280 -0.9007
vn 0.0008 0.0001 -1.0000
vn -0.4320 -0.0326 -0.9013
vn -0.7793 -0.0588 -0.6239
vn -0.9721 -0.0733 -0.2227
vn -0.9721 -0.0733 0.2227
vn -0.7793 -0.0588 0.6239
vn -0.4320 -0.0326 0.9013
vn 0.0008 0.0001 1.0000
vn 0.4333 0.0327 0.9007
vn 0.7799 0.0588 0.6231
vn 0.9722 0.0733 0.2224
vn 0.9722 0.0733 -0.2224
vn 0.7799 0.0588 -0.6231
vn 0.4333 0.0327 -0.9007
vn -0.4317 -0.0372 -0.9013
vn -0.7786 -0.0671 -0.6239
vn -0.9713 -0.0837 -0.2227
vn -0.9713 -0.0837 0.2227
vn -0.7786 -0.0671 0.6239
vn -0.4317 -0.0372 0.9013
vn 0.4329 0.0373 0.9007
vn 0.7792 0.0671 0.6231
vn 0.9714 0.0837 0.2224
vn 0.9714 0.0837 -0.2224
vn 0.7792 0.0671 -0.6231
vn 0.4329 0.0373 -0.9007
vn 0.0007 0.0001 -1.0000
vn -0.4312 -0.0418 -0.9013
vn -0.7779 -0.0754 -0.6239
vn -0.9703 -0.0941 -0.2227
vn -0.9703 -0.0941 0.2227
vn -0.7779 -0.0754 0.6239
vn -0.4312 -0.0418 0.9013
vn 0.0007 0.0001 1.0000
vn 0.4325 0.0419 0.9007
vn 0.7785 0.0755 0.6231
vn 0.9704 0.0941 0.2224
vn 0.9704 0.0941 -0.2224
vn 0.7785 0.0755 -0.6231
vn 0.4325 0.0419 -0.9007
vn -0.4308 -0.0464 -0.9013
vn -0.7770 -0.0837 -0.6239
vn -0.9693 -0.1044 -0.2227
vn -0.9693 -0.1044 0.2227
vn -0.7770 -0.0837 0.6239
vn -0.4308 -0.0464 0.9013
vn 0.4320 0.0465 0.9007
vn 0.7776 0.0838 0.6231
vn 0.9694 0.1044 0.2224
vn 0.9694 0.1044 -0.2224
vn 0.7776 0.0838 -0.6231
vn 0.4320 0.0465 -0.9007
vn -0.4303 -0.0510 -0.9013
vn -0.7761 -0.0920 -0.6239
vn -0.9681 -0.1147 -0.2227
vn -0.9681 -0.1147 0.2227
vn -0.7761 -0.0920 0.6239
vn -0.4303 -0.0510 0.9013
vn 0.4315 0.0511 0.9007
vn 0.7767 0.0920 0.6231
vn 0.9682 0.1147 0.2224
vn 0.9682 0.1147 -0.2224
vn 0.7767 0.0920 -0.6231
vn 0.4315 0.0511 -0.9007
vn -0.4297 -0.0555 -0.9013
vn -0.7751 -0.1002 -0.6239
vn -0.9668 -0.1250 -0.2227
vn -0.9668 -0.1250 0.2227
vn -0.7751 -0.1002 0.6239
vn -0.4297 -0.0555 0.9013
vn 0.4309 0.0557 0.9007
vn 0.7757 0.1003 0.6231
vn 0.9669 0.1250 0.2224
vn 0.9669 0.1250 -0.2224
vn 0.7757 0.1003 -0.6231
vn 0.4309 0.0557 -0.9007
vn -0.0044 0.0355 -0.9994
vn -0.4339 -0.0245 -0.9006
vn -0.7785 -0.0727 -0.6234
vn -0.9699 -0.0994 -0.2225
vn -0.9699 -0.0994 0.2225
vn -0.7785 -0.0727 0.6234
vn -0.4339 -0.0245 0.9006
vn -0.0044 0.0355 0.9994
vn 0.4249 0.0954 0.9002
vn 0.7691 0.1435 0.6228
vn 0.9600 0.1702 0.2223
vn 0.9600 0.1702 -0.2223
vn 0.7691 0.1435 -0.6228
vn 0.4249 0.0954 -0.9002
vn -0.0099 0.0710 -0.9974
vn -0.4380 0.0068 -0.8989
vn -0.7815 -0.0448 -0.6222
vn -0.9723 -0.0734 -0.2221
vn -0.9723 -0.0734 0.2221
vn -0.7815 -0.0448 0.6222
vn -0.4380 0.0068 0.8989
vn -0.0099 0.0710 0.9974
vn 0.4179 0.1353 0.8984
vn 0.7608 0.1868 0.6215
vn 0.9510 0.2153 0.2218
vn 0.9510 0.2153 -0.2218
vn 0.7608 0.1868 -0.6215
vn 0.4179 0.1353 -0.8984
vn -0.0107 0.0708 -0.9974
vn -0.4381 0.0020 -0.8989
vn -0.7810 -0.0532 -0.6222
vn -0.9714 -0.0838 -0.2221
vn -0.9714 -0.0838 0.2221
vn -0.7810 -0.0532 0.6222
vn -0.4381 0.0020 0.8989
vn -0.0107 0.0708 0.9974
vn 0.4165 0.1396 0.8984
vn 0.7588 0.1947 0.6215
vn 0.9487 0.2252 0.2218
vn 0.9487 0.2252 -0.2218
vn 0.7588 0.1947 -0.6215
vn 0.4165 0.1396 -0.8984
vn -0.0114 0.0706 -0.9974
vn -0.4380 -0.0027 -0.8989
vn -0.7804 -0.0615 -0.6223
vn -0.9705 -0.0942 -0.2221
vn -0.9705 -0.0942 0.2221
vn -0.7804 -0.0615 0.6223
vn -0.4380 -0.0027 0.8989
vn -0.0114 0.0706 0.9974
vn 0.4150 0.1438 0.8984
vn 0.7567 0.2025 0.6215
vn 0.9463 0.2351 0.2218
vn 0.9463 0.2351 -0.2218
vn 0.7567 0.2025 -0.6215
vn 0.4150 0.1438 -0.8984
vn -0.0121 0.0703 -0.9975
vn -0.4380 -0.0074 -0.8990
vn -0.7797 -0.0698 -0.6223
vn -0.9694 -0.1045 -0.2221
vn -0.9694 -0.1045 0.2221
vn -0.7797 -0.0698 0.6223
vn -0.4380 -0.0074 0.8990
vn -0.0121 0.0703 0.9975
vn 0.4135 0.1480 0.8984
vn 0.7546 0.2103 0.6215
vn 0.9438 0.2449 0.2218
vn 0.9438 0.2449 -0.2218
vn 0.7546 0.2103 -0.6215
vn 0.4135 0.1480 -0.8984
vn -0.0128 0.0701 -0.9975
vn -0.4379 -0.0122 -0.8990
vn -0.7789 -0.0781 -0.6223
vn -0.9682 -0.1148 -0.2221
vn -0.9682 -0.1148 0.2221
vn -0.7789 -0.0781 0.6223
vn -0.4379 -0.0122 0.8990
vn -0.0128 0.0701 0.9975
vn 0.4120 0.1522 0.8984
vn 0.7524 0.2181 0.6215
vn 0.9413 0.2546 0.2218
vn 0.9413 0.2546 -0.2218
vn 0.7524 0.2181 -0.6215
vn 0.4120 0.1522 -0.8984
vn -0.0135 0.0698 -0.9975
vn -0.4377 -0.0169 -0.8990
vn -0.7780 -0.0864 -0.6223
vn -0.9670 -0.1250 -0.2221
vn -0.9670 -0.1250 0.2221
vn -0.7780 -0.0864 0.6223
vn -0.4377 -0.0169 0.8990
vn -0.0135 0.0698 0.9975
vn 0.4104 0.1564 0.8984
vn 0.7501 0.2258 0.6216
vn 0.9386 0.2643 0.2218
vn 0.9386 0.2643 -0.2218
vn 0.7501 0.2258 -0.6216
vn 0.4104 0.1564 -0.8984
vn -0.0142 0.0695 -0.9975
vn -0.4374 -0.0215 -0.8990
vn -0.7771 -0.0946 -0.6223
vn -0.9656 -0.1351 -0.2221
vn -0.9656 -0.1351 0.2221
vn -0.7771 -0.0946 0.6223
vn -0.4374 -0.0215 0.8990
vn -0.0142 0.0695 0.9975
vn 0.4088 0.1605 0.8984
vn 0.7478 0.2334 0.6216
vn 0.9359 0.2738 0.2218
vn 0.9359 0.2738 -0.2218
vn 0.7478 0.2334 -0.6216
vn 0.4088 0.1605 -0.8984
vn -0.0149 0.0692 -0.9975
vn -0.4372 -0.0262 -0.8990
vn -0.7760 -0.1028 -0.6223
vn -0.9641 -0.1453 -0.2221
vn -0.9641 -0.1453 0.2221
vn -0.7760 -0.1028 0.6223
vn -0.4372 -0.0262 0.8990
vn -0.0149 0.0692 0.9975
vn 0.4072 0.1645 0.8984
vn 0.7454 0.2409 0.6216
vn 0.9330 0.2833 0.2218
vn 0.9330 0.2833 -0.2218
vn 0.7454 0.2409 -0.6216
vn 0.4072 0.1645 -0.8984
vn -0.0155 0.0689 -0.9975
vn -0.4368 -0.0309 -0.8990
vn -0.7749 -0.1109 -0.6223
vn -0.9626 -0.1553 -0.2221
vn -0.9626 -0.1553 0.2221
vn -0.7749 -0.1109 0.6223
vn -0.4368 -0.0309 0.8990
vn -0.0155 0.0689 0.9975
vn 0.4055 0.1685 0.8984
vn 0.7429 0.2484 0.6216
vn 0.9301 0.2927 0.2218
vn 0.9301 0.2927 -0.2218
vn 0.7429 0.2484 -0.6216
vn 0.4055 0.1685 -0.8984
vn -0.0161 0.0686 -0.9975
vn -0.4364 -0.0355 -0.8990
vn -0.7736 -0.1190 -0.6224
vn -0.9609 -0.1653 -0.2222
vn -0.9609 -0.1653 0.2222
vn -0.7736 -0.1190 0.6224
vn -0.4364 -0.0355 0.8990
vn -0.0161 0.0686 0.9975
vn 0.4039 0.1725 0.8984
vn 0.7404 0.2559 0.6215
vn 0.9271 0.3021 0.2218
vn 0.9271 0.3021 -0.2218
vn 0.7404 0.2559 -0.6215
vn 0.4039 0.1725 -0.8984
vn -0.1683 0.6652 -0.7275
vn -0.4743 0.5877 -0.6555
vn -0.7196 0.5256 -0.4537
vn -0.8559 0.4912 -0.1619
vn -0.8559 0.4912 0.1619
vn -0.7196 0.5256 0.4537
vn -0.4743 0.5877 0.6555
vn -0.1683 0.6652 0.7275
vn 0.1378 0.7426 0.6554
vn 0.3832 0.8047 0.4535
vn 0.5193 0.8391 0.1619
vn 0.5193 0.8391 -0.1619
vn 0.3832 0.8047 -0.4535
vn 0.1378 0.7426 -0.6554
vn -0.0000 1.0000 -0.0000
vn -0.2453 0.9694 -0.0000
vn -1.0000 -0.0000 -0.0000
vn -0.8692 -0.0000 0.4945
vn -0.5096 -0.0000 0.8604
vn -0.0129 -0.0000 0.9999
vn 0.4902 -0.0000 0.8716
vn 0.8627 -0.0000 0.5057
vn 1.0000 -0.0000 -0.0000
vn 0.8627 -0.0000 -0.5057
vn 0.4902 -0.0000 -0.8716
vn -0.0129 -0.0000 -0.9999
vn -0.5096 -0.0000 -0.8604
vn -0.8692 -0.0000 -0.4945
vn -0.9877 -0.1564 -0.0000
vn -0.8585 -0.1360 0.4945
vn -0.5033 -0.0797 0.8604
vn -0.0128 -0.0020 0.9999
vn 0.4841 0.0767 0.8716
vn 0.8521 0.1350 0.5057
vn 0.9877 0.1564 -0.0000
vn 0.8521 0.1350 -0.5057
vn 0.4841 0.0767 -0.8716
vn -0.0128 -0.0020 -0.9999
vn -0.5033 -0.0797 -0.8604
vn -0.8585 -0.1360 -0.4945
vn -0.9511 -0.3090 -0.0000
vn -0.8266 -0.2686 0.4945
vn -0.4846 -0.1575 0.8604
vn -0.0123 -0.0040 0.9999
vn 0.4662 0.1515 0.8716
vn 0.8205 0.2666 0.5057
vn 0.9511 0.3090 -0.0000
vn 0.8205 0.2666 -0.5057
vn 0.4662 0.1515 -0.8716
vn -0.0123 -0.0040 -0.9999
vn -0.4846 -0.1575 -0.8604
vn -0.8266 -0.2686 -0.4945
vn -0.8910 -0.4540 -0.0000
vn -0.7744 -0.3946 0.4945
vn -0.4540 -0.2313 0.8604
vn -0.0115 -0.0059 0.9999
vn 0.4368 0.2225 0.8716
vn 0.7687 0.3917 0.5057
vn 0.8910 0.4540 -0.0000
vn 0.7687 0.3917 -0.5057
vn 0.4368 0.2225 -0.8716
vn -0.0115 -0.0059 -0.9999
vn -0.4540 -0.2313 -0.8604
vn -0.7744 -0.3946 -0.4945
vn -0.8090 -0.5878 -0.0000
vn -0.7032 -0.5109 0.4945
vn -0.4123 -0.2995 0.8604
vn -0.0105 -0.0076 0.9999
vn 0.3966 0.2881 0.8716
vn 0.6980 0.5071 0.5057
vn 0.8090 0.5878 -0.0000
vn 0.6980 0.5071 -0.5057
vn 0.3966 0.2881 -0.8716
vn -0.0105 -0.0076 -0.9999
vn -0.4123 -0.2995 -0.8604
vn -0.7032 -0.5109 -0.4945
vn -0.7071 -0.7071 -0.0000
vn -0.6146 -0.6146 0.4945
vn -0.3603 -0.3603 0.8604
vn -0.0091 -0.0091 0.9999
vn 0.3466 0.3466 0.8716
vn 0.6100 0.6100 0.5057
vn 0.7071 0.7071 -0.0000
vn 0.6100 0.6100 -0.5057
vn 0.3466 0.3466 -0.8716
vn -0.0091 -0.0091 -0.9999
vn -0.3603 -0.3603 -0.8604
vn -0.6146 -0.6146 -0.4945
vn -0.5878 -0.8090 -0.0000
vn -0.5109 -0.7032 0.4945
vn -0.2995 -0.4123 0.8604
vn -0.0076 -0.0105 0.9999
vn 0.2881 0.3966 0.8716
vn 0.5071 0.6980 0.5057
vn 0.5878 0.8090 -0.0000
vn 0.5071 0.6980 -0.5057
vn 0.2881 0.3966 -0.8716
vn -0.0076 -0.0105 -0.9999
vn -0.2995 -0.4123 -0.8604
vn -0.5109 -0.7032 -0.4945
vn -0.4540 -0.8910 -0.0000
vn -0.3946 -0.7744 0.4945
vn -0.2313 -0.4540 0.8604
vn -0.0059 -0.0115 0.9999
vn 0.2225 0.4368 0.8716
vn 0.3917 0.7687 0.5057
vn 0.4540 0.8910 -0.0000
vn 0.3917 0.7687 -0.5057
vn 0.2225 0.4368 -0.8716
vn -0.0059 -0.0115 -0.9999
vn -0.2313 -0.4540 -0.8604
vn -0.3946 -0.7744 -0.4945
vn -0.3090 -0.9511 -0.0000
vn -0.2686 -0.8266 0.4945
vn -0.1575 -0.4846 0.8604
vn -0.0040 -0.0123 0.9999
vn 0.1515 0.4662 0.8716
vn 0.2666 0.8205 0.5057
vn 0.3090 0.9511 -0.0000
vn 0.2666 0.8205 -0.5057
vn 0.1515 0.4662 -0.8716
vn -0.0040 -0.0123 -0.9999
vn -0.1575 -0.4846 -0.8604
vn -0.2686 -0.8266 -0.4945
vn -0.1564 -0.9877 -0.0000
vn -0.1360 -0.8585 0.4945
vn -0.0797 -0.5033 0.8604
vn -0.0020 -0.0128 0.9999
vn 0.0767 0.4841 0.8716
vn 0.1350 0.8521 0.5057
vn 0.1564 0.9877 -0.0000
vn 0.1350 0.8521 -0.5057
vn 0.0767 0.4841 -0.8716
vn -0.0020 -0.0128 -0.9999
vn -0.0797 -0.5033 -0.8604
vn -0.1360 -0.8585 -0.4945
vn -0.0000 -1.0000 -0.0000
vn -0.0000 -0.8692 0.4945
vn -0.0000 -0.5096 0.8604
vn -0.0000 -0.0129 0.9999
vn -0.0000 0.4902 0.8716
vn -0.0000 0.8627 0.5057
vn -0.0000 0.8627 -0.5057
vn -0.0000 0.4902 -0.8716
vn -0.0000 -0.0129 -0.9999
vn -0.0000 -0.5096 -0.8604
vn -0.0000 -0.8692 -0.4945
vn 0.1564 -0.9877 -0.0000
vn 0.1360 -0.8585 0.4945
vn 0.0797 -0.5033 0.8604
vn 0.0020 -0.0128 0.9999
vn -0.0767 0.4841 0.8716
vn -0.1350 0.8521 0.5057
vn -0.1564 0.9877 -0.0000
vn -0.1350 0.8521 -0.5057
vn -0.0767 0.4841 -0.8716
vn 0.0020 -0.0128 -0.9999
vn 0.0797 -0.5033 -0.8604
vn 0.1360 -0.8585 -0.4945
vn 0.3090 -0.9511 -0.0000
vn 0.2686 -0.8266 0.4945
vn 0.1575 -0.4846 0.8604
vn 0.0040 -0.0123 0.9999
vn -0.1515 0.4662 0.8716
vn -0.2666 0.8205 0.5057
vn -0.3090 0.9511 -0.0000
vn -0.2666 0.8205 -0.5057
vn -0.1515 0.4662 -0.8716
vn 0.0040 -0.0123 -0.9999
vn 0.1575 -0.4846 -0.8604
vn 0.2686 -0.8266 -0.4945
vn 0.4540 -0.8910 -0.0000
vn 0.3946 -0.7744 0.4945
vn 0.2313 -0.4540 0.8604
vn 0.0059 -0.0115 0.9999
vn -0.2225 0.4368 0.8716
vn -0.3917 0.7687 0.5057
vn -0.4540 0.8910 -0.0000
vn -0.3917 0.7687 -0.5057
vn -0.2225 0.4368 -0.8716
vn 0.0059 -0.0115 -0.9999
vn 0.2313 -0.4540 -0.8604
vn 0.3946 -0.7744 -0.4945
vn 0.5878 -0.8090 -0.0000
vn 0.5109 -0.7032 0.4945
vn 0.2995 -0.4123 0.8604
vn 0.0076 -0.0105 0.9999
vn -0.2881 0.3966 0.8716
vn -0.5071 0.6980 0.5057
vn -0.5878 0.8090 -0.0000
vn -0.5071 0.6980 -0.5057
vn -0.2881 0.3966 -0.8716
vn 0.0076 -0.0105 -0.9999
vn 0.2995 -0.4123 -0.8604
vn 0.5109 -0.7032 -0.4945
vn 0.7071 -0.7071 -0.0000
vn 0.6146 -0.6146 0.4945
vn 0.3603 -0.3603 0.8604
vn 0.0091 -0.0091 0.9999
vn -0.3466 0.3466 0.8716
vn -0.6100 0.6100 0.5057
vn -0.7071 0.7071 -0.0000
vn -0.6100 0.6100 -0.5057
vn -0.3466 0.3466 -0.8716
vn 0.0091 -0.0091 -0.9999
vn 0.3603 -0.3603 -0.8604
vn 0.6146 -0.6146 -0.4945
vn 0.8090 -0.5878 -0.0000
vn 0.7032 -0.5109 0.4945
vn 0.4123 -0.2995 0.8604
vn 0.0105 -0.0076 0.9999
vn -0.3966 0.2881 0.8716
vn -0.6980 0.5071 0.5057
vn -0.8090 0.5878 -0.0000
vn -0.6980 0.5071 -0.5057
vn -0.3966 0.2881 -0.8716
vn 0.0105 -0.0076 -0.9999
vn 0.4123 -0.2995 -0.8604
vn 0.7032 -0.5109 -0.4945
vn 0.8910 -0.4540 -0.0000
vn 0.7744 -0.3946 0.4945
vn 0.4540 -0.2313 0.8604
vn 0.0115 -0.0059 0.9999
vn -0.4368 0.2225 0.8716
vn -0.7687 0.3917 0.5057
vn -0.8910 0.4540 -0.0000
vn -0.7687 0.3917 -0.5057
vn -0.4368 0.2225 -0.8716
vn 0.0115 -0.0059 -0.9999
vn 0.4540 -0.2313 -0.8604
vn 0.7744 -0.3946 -0.4945
vn 0.9511 -0.3090 -0.0000
vn 0.8266 -0.2686 0.4945
vn 0.4846 -0.1575 0.8604
vn 0.0123 -0.0040 0.9999
vn -0.4662 0.1515 0.8716
vn -0.8205 0.2666 0.5057
vn -0.9511 0.3090 -0.0000
vn -0.8205 0.2666 -0.5057
vn -0.4662 0.1515 -0.8716
vn 0.0123 -0.0040 -0.9999
vn 0.4846 -0.1575 -0.8604
vn 0.8266 -0.2686 -0.4945
vn 0.9877 -0.1564 -0.0000
vn 0.8585 -0.1360 0.4945
vn 0.5033 -0.0797 0.8604
vn 0.0128 -0.0020 0.9999
vn -0.4841 0.0767 0.8716
vn -0.8521 0.1350 0.5057
vn -0.9877 0.1564 -0.0000
vn -0.8521 0.1350 -0.5057
vn -0.4841 0.0767 -0.8716
vn 0.0128 -0.0020 -0.9999
vn 0.5033 -0.0797 -0.8604
vn 0.8585 -0.1360 -0.4945
vn 0.8692 -0.0000 0.4945
vn 0.5096 -0.0000 0.8604
vn 0.0129 -0.0000 0.9999
vn -0.4902 -0.0000 0.8716
vn -0.8627 -0.0000 0.5057
vn -0.8627 -0.0000 -0.5057
vn -0.4902 -0.0000 -0.8716
vn 0.0129 -0.0000 -0.9999
vn 0.5096 -0.0000 -0.8604
vn 0.8692 -0.0000 -0.4945
vn 0.8585 0.1360 0.4945
vn 0.5033 0.0797 0.8604
vn 0.0128 0.0020 0.9999
vn -0.4841 -0.0767 0.8716
vn -0.8521 -0.1350 0.5057
vn -0.8521 -0.1350 -0.5057
vn -0.4841 -0.0767 -0.8716
vn 0.0128 0.0020 -0.9999
vn 0.5033 0.0797 -0.8604
vn 0.8585 0.1360 -0.4945
vn 0.8266 0.2686 0.4945
vn 0.4846 0.1575 0.8604
vn 0.0123 0.0040 0.9999
vn -0.4662 -0.1515 0.8716
vn -0.8205 -0.2666 0.5057
vn -0.8205 -0.2666 -0.5057
vn -0.4662 -0.1515 -0.8716
vn 0.0123 0.0040 -0.9999
vn 0.4846 0.1575 -0.8604
vn 0.8266 0.2686 -0.4945
vn 0.7744 0.3946 0.4945
vn 0.4540 0.2313 0.8604
vn 0.0115 0.0059 0.9999
vn -0.4368 -0.2225 0.8716
vn -0.7687 -0.3917 0.5057
vn -0.7687 -0.3917 -0.5057
vn -0.4368 -0.2225 -0.8716
vn 0.0115 0.0059 -0.9999
vn 0.4540 0.2313 -0.8604
vn 0.7744 0.3946 -0.4945
vn 0.7032 0.5109 0.4945
vn 0.4123 0.2995 0.8604
vn 0.0105 0.0076 0.9999
vn -0.3966 -0.2881 0.8716
vn -0.6980 -0.5071 0.5057
vn -0.6980 -0.5071 -0.5057
vn -0.3966 -0.2881 -0.8716
vn 0.0105 0.0076 -0.9999
vn 0.4123 0.2995 -0.8604
vn 0.7032 0.5109 -0.4945
vn 0.6146 0.6146 0.4945
vn 0.3603 0.3603 0.8604
vn 0.0091 0.0091 0.9999
vn -0.3466 -0.3466 0.8716
vn -0.6100 -0.6100 0.5057
vn -0.6100 -0.6100 -0.5057
vn -0.3466 -0.3466 -0.8716
vn 0.0091 0.0091 -0.9999
vn 0.3603 0.3603 -0.8604
vn 0.6146 0.6146 -0.4945
vn 0.5109 0.7032 0.4945
vn 0.2995 0.4123 0.8604
vn 0.0076 0.0105 0.9999
vn -0.2881 -0.3966 0.8716
vn -0.5071 -0.6980 0.5057
vn -0.5071 -0.6980 -0.5057
vn -0.2881 -0.3966 -0.8716
vn 0.0076 0.0105 -0.9999
vn 0.2995 0.4123 -0.8604
vn 0.5109 0.7032 -0.4945
vn 0.3946 0.7744 0.4945
vn 0.2313 0.4540 0.8604
vn 0.0059 0.0115 0.9999
vn -0.2225 -0.4368 0.8716
vn -0.3917 -0.7687 0.5057
vn -0.3917 -0.7687 -0.5057
vn -0.2225 -0.4368 -0.8716
vn 0.0059 0.0115 -0.9999
vn 0.2313 0.4540 -0.8604
vn 0.3946 0.7744 -0.4945
vn 0.2686 0.8266 0.4945
vn 0.1575 0.4846 0.8604
vn 0.0040 0.0123 0.9999
vn -0.1515 -0.4662 0.8716
vn -0.2666 -0.8205 0.5057
vn -0.2666 -0.8205 -0.5057
vn -0.1515 -0.4662 -0.8716
vn 0.0040 0.0123 -0.9999
vn 0.1575 0.4846 -0.8604
vn 0.2686 0.8266 -0.4945
vn 0.1360 0.8585 0.4945
vn 0.0797 0.5033 0.8604
vn 0.0020 0.0128 0.9999
vn -0.0767 -0.4841 0.8716
vn -0.1350 -0.8521 0.5057
vn -0.1350 -0.8521 -0.5057
vn -0.0767 -0.4841 -0.8716
vn 0.0020 0.0128 -0.9999
vn 0.0797 0.5033 -0.8604
vn 0.1360 0.8585 -0.4945
vn -0.0000 0.8692 0.4945
vn -0.0000 0.5096 0.8604
vn -0.0000 0.0129 0.9999
vn -0.0000 -0.4902 0.8716
vn -0.0000 -0.8627 0.5057
vn -0.0000 -0.8627 -0.5057
vn -0.0000 -0.4902 -0.8716
vn -0.0000 0.0129 -0.9999
vn -0.0000 0.5096 -0.8604
vn -0.0000 0.8692 -0.4945
vn -0.1360 0.8585 0.4945
vn -0.0797 0.5033 0.8604
vn -0.0020 0.0128 0.9999
vn 0.0767 -0.4841 0.8716
vn 0.1350 -0.8521 0.5057
vn 0.1350 -0.8521 -0.5057
vn 0.0767 -0.4841 -0.8716
vn -0.0020 0.0128 -0.9999
vn -0.0797 0.5033 -0.8604
vn -0.1360 0.8585 -0.4945
vn -0.2686 0.8266 0.4945
vn -0.1575 0.4846 0.8604
vn -0.0040 0.0123 0.9999
vn 0.1515 -0.4662 0.8716
vn 0.2666 -0.8205 0.5057
vn 0.2666 -0.8205 -0.5057
vn 0.1515 -0.4662 -0.8716
vn -0.0040 0.0123 -0.9999
vn -0.1575 0.4846 -0.8604
vn -0.2686 0.8266 -0.4945
vn -0.3946 0.7744 0.4945
vn -0.2313 0.4540 0.8604
vn -0.0059 0.0115 0.9999
vn 0.2225 -0.4368 0.8716
vn 0.3917 -0.7687 0.5057
vn 0.3917 -0.7687 -0.5057
vn 0.2225 -0.4368 -0.8716
vn -0.0059 0.0115 -0.9999
vn -0.2313 0.4540 -0.8604
vn -0.3946 0.7744 -0.4945
vn -0.5109 0.7032 0.4945
vn -0.2995 0.4123 0.8604
vn -0.0076 0.0105 0.9999
vn 0.2881 -0.3966 0.8716
vn 0.5071 -0.6980 0.5057
vn 0.5071 -0.6980 -0.5057
vn 0.2881 -0.3966 -0.8716
vn -0.0076 0.0105 -0.9999
vn -0.2995 0.4123 -0.8604
vn -0.5109 0.7032 -0.4945
vn -0.6146 0.6146 0.4945
vn -0.3603 0.3603 0.8604
vn -0.0091 0.0091 0.9999
vn 0.3466 -0.3466 0.8716
vn 0.6100 -0.6100 0.5057
vn 0.6100 -0.6100 -0.5057
vn 0.3466 -0.3466 -0.8716
vn -0.0091 0.0091 -0.9999
vn -0.3603 0.3603 -0.8604
vn -0.6146 0.6146 -0.4945
vn -0.7032 0.5109 0.4945
vn -0.4123 0.2995 0.8604
vn -0.0105 0.0076 0.9999
vn 0.3966 -0.2881 0.8716
vn 0.6980 -0.5071 0.5057
vn 0.6980 -0.5071 -0.5057
vn 0.3966 -0.2881 -0.8716
vn -0.0105 0.0076 -0.9999
vn -0.4123 0.2995 -0.8604
vn -0.7032 0.5109 -0.4945
vn -0.7744 0.3946 0.4945
vn -0.4540 0.2313 0.8604
vn -0.0115 0.0059 0.9999
vn 0.4368 -0.2225 0.8716
vn 0.7687 -0.3917 0.5057
vn 0.7687 -0.3917 -0.5057
vn 0.4368 -0.2225 -0.8716
vn -0.0115 0.0059 -0.9999
vn -0.4540 0.2313 -0.8604
vn -0.7744 0.3946 -0.4945
vn -0.8266 0.2686 0.4945
vn -0.4846 0.1575 0.8604
vn -0.0123 0.0040 0.9999
vn 0.4662 -0.1515 0.8716
vn 0.8205 -0.2666 0.5057
vn 0.8205 -0.2666 -0.5057
vn 0.4662 -0.1515 -0.8716
vn -0.0123 0.0040 -0.9999
vn -0.4846 0.1575 -0.8604
vn -0.8266 0.2686 -0.4945
vn -0.8585 0.1360 0.4945
vn -0.5033 0.0797 0.8604
vn -0.0128 0.0020 0.9999
vn 0.4841 -0.0767 0.8716
vn 0.8521 -0.1350 0.5057
vn 0.8521 -0.1350 -0.5057
vn 0.4841 -0.0767 -0.8716
vn -0.0128 0.0020 -0.9999
vn -0.5033 0.0797 -0.8604
vn -0.8585 0.1360 -0.4945
vn 0.4520 0.4170 -0.7886
vn 0.7194 0.1273 -0.6829
vn 0.9151 -0.0848 -0.3942
vn 0.9867 -0.1624 -0.0000
vn 0.9151 -0.0848 0.3942
vn 0.7194 0.1273 0.6829
vn 0.4520 0.4170 0.7886
vn 0.1845 0.7068 0.6830
vn -0.0112 0.9189 0.3943
vn -0.0829 0.9966 -0.0000
vn -0.0112 0.9189 -0.3943
vn 0.1845 0.7068 -0.6830
vn -0.0895 -0.0835 -0.9925
vn 0.2482 -0.4470 -0.8594
vn 0.4954 -0.7131 -0.4961
vn 0.5858 -0.8105 -0.0000
vn 0.4954 -0.7131 0.4961
vn 0.2482 -0.4470 0.8594
vn -0.0895 -0.0835 0.9925
vn -0.4273 0.2801 0.8596
vn -0.6747 0.5463 0.4963
vn -0.7652 0.6438 -0.0000
vn -0.6747 0.5463 -0.4963
vn -0.4273 0.2801 -0.8596
vn -0.1063 -0.0975 -0.9895
vn 0.2433 -0.4495 -0.8595
vn 0.5006 -0.7086 -0.4973
vn 0.5950 -0.8037 -0.0000
vn 0.5006 -0.7086 0.4973
vn 0.2433 -0.4495 0.8595
vn -0.1063 -0.0975 0.9895
vn -0.4539 0.2525 0.8545
vn -0.7072 0.5074 0.4924
vn -0.7996 0.6005 -0.0000
vn -0.7072 0.5074 -0.4924
vn -0.4539 0.2525 -0.8545
vn -0.4863 -0.5116 -0.7084
vn -0.2285 -0.7552 -0.6144
vn -0.0395 -0.9341 -0.3549
vn 0.0300 -0.9995 -0.0000
vn -0.0395 -0.9341 0.3549
vn -0.2285 -0.7552 0.6144
vn -0.4863 -0.5116 0.7084
vn -0.7435 -0.2686 0.6124
vn -0.9311 -0.0909 0.3533
vn -0.9996 -0.0265 -0.0000
vn -0.9311 -0.0909 -0.3533
vn -0.7435 -0.2686 -0.6124
vn 0.7348 0.6783 -0.0000
vn -0.6867 -0.7270 -0.0000
vn -0.0183 -0.6509 -0.7589
vn -0.4663 -0.6369 -0.6140
vn -0.7447 -0.6254 -0.2332
vn -0.7465 -0.6207 0.2398
vn -0.4691 -0.6247 0.6243
vn -0.0178 -0.6359 0.7715
vn 0.4333 -0.6500 0.6242
vn 0.7106 -0.6615 0.2398
vn 0.7085 -0.6661 -0.2332
vn 0.4298 -0.6621 -0.6139
vn -0.0005 -0.0200 -0.9998
vn -0.5879 0.0002 -0.8089
vn -0.9508 0.0204 -0.3090
vn -0.9505 0.0327 0.3090
vn -0.5870 0.0326 0.8089
vn 0.0006 0.0200 0.9998
vn 0.5880 -0.0002 0.8089
vn 0.9508 -0.0204 0.3090
vn 0.9505 -0.0327 -0.3090
vn 0.5871 -0.0326 -0.8089
vn -0.0005 -0.0199 -0.9998
vn -0.5879 0.0001 -0.8089
vn -0.9508 0.0201 -0.3090
vn -0.9505 0.0324 0.3090
vn -0.5870 0.0323 0.8089
vn 0.0006 0.0198 0.9998
vn 0.9509 -0.0201 0.3090
vn 0.9505 -0.0324 -0.3090
vn 0.5871 -0.0323 -0.8089
vn -0.0005 -0.0197 -0.9998
vn -0.5879 -0.0000 -0.8090
vn -0.9508 0.0196 -0.3090
vn -0.9505 0.0318 0.3090
vn -0.5871 0.0318 0.8089
vn 0.0006 0.0197 0.9998
vn 0.5880 -0.0000 0.8089
vn 0.9509 -0.0196 0.3090
vn 0.9505 -0.0318 -0.3090
vn 0.5871 -0.0318 -0.8089
vn -0.0004 -0.0194 -0.9998
vn -0.5879 -0.0003 -0.8090
vn -0.9509 0.0190 -0.3091
vn -0.9506 0.0309 0.3090
vn -0.5871 0.0311 0.8089
vn 0.0006 0.0194 0.9998
vn 0.5880 0.0002 0.8088
vn 0.9509 -0.0190 0.3089
vn 0.9506 -0.0309 -0.3090
vn 0.5872 -0.0311 -0.8089
vn -0.0004 -0.0190 -0.9998
vn -0.5878 -0.0005 -0.8090
vn -0.9509 0.0181 -0.3091
vn -0.9506 0.0299 0.3090
vn -0.5871 0.0302 0.8090
vn 0.0006 0.0190 0.9998
vn 0.5880 0.0005 0.8088
vn 0.9509 -0.0181 0.3089
vn 0.9506 -0.0299 -0.3090
vn 0.5872 -0.0302 -0.8089
vn -0.0003 -0.0186 -0.9998
vn -0.5878 -0.0009 -0.8090
vn -0.9509 0.0171 -0.3091
vn -0.9506 0.0286 0.3090
vn -0.5871 0.0292 0.8090
vn 0.0006 0.0186 0.9998
vn 0.5880 0.0009 0.8088
vn 0.9509 -0.0172 0.3089
vn 0.9506 -0.0286 -0.3090
vn 0.5873 -0.0292 -0.8089
vn -0.0003 -0.0180 -0.9998
vn -0.5878 -0.0013 -0.8090
vn -0.9509 0.0160 -0.3091
vn -0.9507 0.0271 0.3090
vn -0.5872 0.0279 0.8090
vn 0.0005 0.0180 0.9998
vn 0.5880 0.0013 0.8088
vn 0.9510 -0.0160 0.3089
vn 0.9507 -0.0271 -0.3090
vn 0.5873 -0.0279 -0.8089
vn -0.0002 -0.0174 -0.9998
vn -0.5878 -0.0017 -0.8090
vn -0.9509 0.0147 -0.3091
vn -0.9507 0.0255 0.3090
vn -0.5872 0.0265 0.8090
vn 0.0005 0.0174 0.9998
vn 0.5880 0.0017 0.8088
vn 0.9510 -0.0147 0.3089
vn 0.9507 -0.0255 -0.3090
vn 0.5874 -0.0265 -0.8089
vn -0.0002 -0.0168 -0.9999
vn -0.5878 -0.0022 -0.8090
vn -0.9509 0.0132 -0.3091
vn -0.9508 0.0236 0.3090
vn -0.5873 0.0250 0.8090
vn 0.0005 0.0168 0.9999
vn 0.5880 0.0022 0.8088
vn 0.9510 -0.0132 0.3089
vn 0.9508 -0.0236 -0.3090
vn 0.5875 -0.0250 -0.8089
vn -0.0001 -0.0161 -0.9999
vn -0.5877 -0.0027 -0.8090
vn -0.9510 0.0117 -0.3091
vn -0.9508 0.0216 0.3090
vn -0.5873 0.0233 0.8090
vn 0.0005 0.0160 0.9999
vn 0.5880 0.0027 0.8088
vn 0.9510 -0.0117 0.3089
vn 0.9508 -0.0216 -0.3090
vn 0.5875 -0.0233 -0.8089
vn -0.0000 -0.0153 -0.9999
vn -0.5877 -0.0033 -0.8091
vn -0.9510 0.0100 -0.3091
vn -0.9509 0.0194 0.3090
vn -0.5874 0.0214 0.8090
vn 0.0004 0.0153 0.9999
vn 0.5880 0.0033 0.8088
vn 0.9511 -0.0100 0.3089
vn 0.9509 -0.0194 -0.3090
vn 0.5876 -0.0214 -0.8089
vn -0.0000 -0.0144 -0.9999
vn -0.5877 -0.0038 -0.8091
vn -0.9510 0.0082 -0.3092
vn -0.9509 0.0171 0.3090
vn -0.5875 0.0195 0.8090
vn 0.0004 0.0144 0.9999
vn 0.5881 0.0038 0.8088
vn 0.9511 -0.0082 0.3089
vn 0.9509 -0.0171 -0.3090
vn 0.5876 -0.0194 -0.8089
vn 0.0001 -0.0135 -0.9999
vn -0.5876 -0.0044 -0.8091
vn -0.9510 0.0063 -0.3092
vn -0.9510 0.0147 0.3090
vn -0.5875 0.0174 0.8090
vn 0.0004 0.0135 0.9999
vn 0.5881 0.0044 0.8088
vn 0.9511 -0.0063 0.3088
vn 0.9509 -0.0146 -0.3090
vn 0.5877 -0.0174 -0.8089
vn 0.0001 -0.0125 -0.9999
vn -0.5876 -0.0050 -0.8091
vn -0.9510 0.0044 -0.3092
vn -0.9510 0.0121 0.3090
vn -0.5875 0.0152 0.8091
vn 0.0003 0.0125 0.9999
vn 0.5880 0.0050 0.8088
vn 0.9511 -0.0044 0.3089
vn 0.9510 -0.0121 -0.3090
vn 0.5877 -0.0152 -0.8089
vn 0.0002 -0.0115 -0.9999
vn -0.5876 -0.0056 -0.8091
vn -0.9510 0.0024 -0.3092
vn -0.9510 0.0095 0.3090
vn -0.5876 0.0129 0.8091
vn 0.0003 0.0115 0.9999
vn 0.5880 0.0056 0.8088
vn 0.9511 -0.0024 0.3089
vn 0.9510 -0.0095 -0.3090
vn 0.5878 -0.0129 -0.8089
vn 0.0002 -0.0104 -0.9999
vn -0.5876 -0.0062 -0.8091
vn -0.9510 0.0004 -0.3092
vn -0.9510 0.0068 0.3090
vn -0.5876 0.0106 0.8091
vn 0.0003 0.0104 0.9999
vn 0.5880 0.0062 0.8088
vn 0.9511 -0.0004 0.3089
vn 0.9510 -0.0068 -0.3090
vn 0.5878 -0.0106 -0.8089
vn 0.0002 -0.0093 -1.0000
vn -0.5876 -0.0068 -0.8091
vn -0.9510 -0.0017 -0.3092
vn -0.9511 0.0041 0.3090
vn -0.5877 0.0082 0.8091
vn 0.0003 0.0093 1.0000
vn 0.5880 0.0068 0.8088
vn 0.9511 0.0017 0.3089
vn 0.9510 -0.0041 -0.3091
vn 0.5879 -0.0082 -0.8089
vn 0.0003 -0.0081 -1.0000
vn -0.5876 -0.0073 -0.8091
vn -0.9510 -0.0037 -0.3092
vn -0.9511 0.0013 0.3090
vn -0.5877 0.0058 0.8091
vn 0.0002 0.0081 1.0000
vn 0.5880 0.0073 0.8088
vn 0.9511 0.0037 0.3089
vn 0.9510 -0.0013 -0.3091
vn 0.5879 -0.0058 -0.8089
vn 0.0003 -0.0069 -1.0000
vn -0.5875 -0.0078 -0.8092
vn -0.9510 -0.0057 -0.3092
vn -0.9511 -0.0014 0.3090
vn -0.5877 0.0034 0.8091
vn 0.0002 0.0069 1.0000
vn 0.5880 0.0078 0.8088
vn 0.9511 0.0057 0.3088
vn 0.9510 0.0014 -0.3091
vn 0.5879 -0.0034 -0.8089
vn 0.0003 -0.0057 -1.0000
vn -0.5875 -0.0083 -0.8092
vn -0.9510 -0.0077 -0.3092
vn -0.9511 -0.0042 0.3090
vn -0.5877 0.0010 0.8091
vn 0.0002 0.0057 1.0000
vn 0.5880 0.0083 0.8088
vn 0.9511 0.0077 0.3088
vn 0.9510 0.0042 -0.3091
vn 0.5879 -0.0009 -0.8089
vn 0.0003 -0.0045 -1.0000
vn -0.5875 -0.0087 -0.8092
vn -0.9509 -0.0096 -0.3092
vn -0.9510 -0.0069 0.3090
vn -0.5877 -0.0015 0.8091
vn 0.0002 0.0045 1.0000
vn 0.5879 0.0087 0.8089
vn 0.9511 0.0096 0.3088
vn 0.9510 0.0069 -0.3091
vn 0.5879 0.0015 -0.8089
vn 0.0003 -0.0032 -1.0000
vn -0.5875 -0.0091 -0.8092
vn -0.9509 -0.0115 -0.3092
vn -0.9510 -0.0095 0.3090
vn -0.5877 -0.0039 0.8091
vn 0.0002 0.0032 1.0000
vn 0.5879 0.0091 0.8089
vn 0.9510 0.0115 0.3088
vn 0.9510 0.0095 -0.3091
vn 0.5879 0.0039 -0.8089
vn 0.0002 -0.0019 -1.0000
vn -0.5875 -0.0094 -0.8092
vn -0.9509 -0.0132 -0.3092
vn -0.9510 -0.0120 0.3090
vn -0.5877 -0.0062 0.8091
vn 0.0002 0.0019 1.0000
vn 0.5879 0.0094 0.8089
vn 0.9510 0.0132 0.3088
vn 0.9510 0.0120 -0.3091
vn 0.5878 0.0063 -0.8089
vn 0.0002 -0.0006 -1.0000
vn -0.5875 -0.0096 -0.8092
vn -0.9509 -0.0149 -0.3092
vn -0.9510 -0.0145 0.3089
vn -0.5877 -0.0086 0.8091
vn 0.0002 0.0006 1.0000
vn 0.5879 0.0096 0.8089
vn 0.9510 0.0149 0.3088
vn 0.9509 0.0145 -0.3091
vn 0.5878 0.0086 -0.8090
vn 0.0002 0.0006 -1.0000
vn -0.5875 -0.0098 -0.8092
vn -0.9509 -0.0164 -0.3092
vn -0.9509 -0.0168 0.3089
vn -0.5876 -0.0108 0.8091
vn 0.0002 -0.0006 1.0000
vn 0.5879 0.0098 0.8089
vn 0.9510 0.0164 0.3088
vn 0.9509 0.0168 -0.3091
vn 0.5877 0.0108 -0.8090
vn 0.0001 0.0019 -1.0000
vn -0.5875 -0.0098 -0.8091
vn -0.9508 -0.0178 -0.3092
vn -0.9509 -0.0190 0.3089
vn -0.5876 -0.0129 0.8091
vn 0.0002 -0.0019 1.0000
vn 0.9509 0.0178 0.3088
vn 0.9508 0.0190 -0.3091
vn 0.5877 0.0129 -0.8090
vn 0.0001 0.0032 -1.0000
vn -0.5876 -0.0098 -0.8091
vn -0.9508 -0.0191 -0.3092
vn -0.9508 -0.0211 0.3090
vn -0.5875 -0.0150 0.8091
vn 0.0002 -0.0032 1.0000
vn 0.9509 0.0191 0.3089
vn 0.9508 0.0211 -0.3091
vn 0.5877 0.0150 -0.8090
vn -0.0000 0.0045 -1.0000
vn -0.5876 -0.0097 -0.8091
vn -0.9508 -0.0202 -0.3092
vn -0.9508 -0.0229 0.3090
vn -0.5875 -0.0169 0.8090
vn 0.0002 -0.0045 1.0000
vn 0.5879 0.0097 0.8089
vn 0.9509 0.0202 0.3089
vn 0.9508 0.0229 -0.3091
vn 0.5876 0.0169 -0.8090
vn -0.0000 0.0057 -1.0000
vn -0.5876 -0.0095 -0.8091
vn -0.9508 -0.0211 -0.3092
vn -0.9508 -0.0246 0.3090
vn -0.5875 -0.0188 0.8090
vn 0.0002 -0.0057 1.0000
vn 0.5879 0.0095 0.8089
vn 0.9509 0.0211 0.3089
vn 0.9507 0.0246 -0.3091
vn 0.5875 0.0188 -0.8090
vn -0.0001 0.0069 -1.0000
vn -0.5876 -0.0092 -0.8091
vn -0.9508 -0.0219 -0.3092
vn -0.9507 -0.0262 0.3089
vn -0.5874 -0.0204 0.8090
vn 0.0003 -0.0069 1.0000
vn 0.5879 0.0093 0.8089
vn 0.9509 0.0219 0.3089
vn 0.9507 0.0262 -0.3091
vn 0.5875 0.0204 -0.8090
vn -0.0001 0.0081 -1.0000
vn -0.5876 -0.0089 -0.8091
vn -0.9508 -0.0224 -0.3091
vn -0.9507 -0.0275 0.3089
vn -0.5874 -0.0220 0.8090
vn 0.0003 -0.0081 1.0000
vn 0.5879 0.0089 0.8089
vn 0.9508 0.0225 0.3089
vn 0.9506 0.0275 -0.3091
vn 0.5874 0.0220 -0.8090
vn -0.0002 0.0093 -1.0000
vn -0.5877 -0.0084 -0.8091
vn -0.9507 -0.0228 -0.3091
vn -0.9507 -0.0286 0.3089
vn -0.5874 -0.0234 0.8090
vn 0.0003 -0.0093 1.0000
vn 0.5879 0.0084 0.8089
vn 0.9508 0.0228 0.3089
vn 0.9506 0.0286 -0.3091
vn 0.5874 0.0234 -0.8090
vn -0.0002 0.0104 -0.9999
vn -0.5877 -0.0078 -0.8090
vn -0.9507 -0.0230 -0.3091
vn -0.9506 -0.0294 0.3089
vn -0.5873 -0.0246 0.8090
vn 0.0003 -0.0104 0.9999
vn 0.5879 0.0078 0.8089
vn 0.9508 0.0230 0.3089
vn 0.9506 0.0294 -0.3091
vn 0.5873 0.0246 -0.8090
vn -0.0003 0.0115 -0.9999
vn -0.5877 -0.0071 -0.8090
vn -0.9506 -0.0301 0.3089
vn -0.5873 -0.0257 0.8090
vn 0.0004 -0.0115 0.9999
vn 0.5878 0.0071 0.8089
vn 0.9505 0.0301 -0.3091
vn 0.5872 0.0257 -0.8090
vn -0.0003 0.0125 -0.9999
vn -0.5878 -0.0064 -0.8090
vn -0.9508 -0.0228 -0.3091
vn -0.9506 -0.0305 0.3089
vn -0.5873 -0.0266 0.8089
vn 0.0004 -0.0125 0.9999
vn 0.5879 0.0064 0.8089
vn 0.9505 0.0305 -0.3091
vn 0.5872 0.0266 -0.8090
vn -0.0004 0.0135 -0.9999
vn -0.5878 -0.0055 -0.8090
vn -0.9506 -0.0307 0.3089
vn -0.5873 -0.0273 0.8089
vn 0.0003 -0.0135 0.9999
vn 0.5879 0.0055 0.8089
vn 0.9508 0.0224 0.3089
vn 0.9505 0.0307 -0.3091
vn 0.5872 0.0273 -0.8090
vn -0.0004 0.0144 -0.9999
vn -0.5878 -0.0046 -0.8090
vn -0.9508 -0.0218 -0.3091
vn -0.5873 -0.0278 0.8089
vn 0.0003 -0.0144 0.9999
vn 0.5879 0.0046 0.8089
vn 0.9508 0.0218 0.3089
vn 0.5871 0.0278 -0.8090
vn -0.0005 0.0152 -0.9999
vn -0.5879 -0.0035 -0.8090
vn -0.9508 -0.0210 -0.3091
vn -0.9506 -0.0304 0.3089
vn -0.5873 -0.0282 0.8089
vn 0.0003 -0.0152 0.9999
vn 0.5879 0.0035 0.8090
vn 0.9508 0.0210 0.3089
vn 0.9505 0.0304 -0.3091
vn 0.5871 0.0282 -0.8090
vn -0.0005 0.0160 -0.9999
vn -0.5879 -0.0024 -0.8089
vn -0.9508 -0.0200 -0.3090
vn -0.9506 -0.0299 0.3089
vn -0.5873 -0.0284 0.8089
vn 0.0003 -0.0160 0.9999
vn 0.5879 0.0024 0.8090
vn 0.9509 0.0200 0.3090
vn 0.9506 0.0299 -0.3091
vn 0.5871 0.0284 -0.8090
vn -0.0005 0.0168 -0.9999
vn -0.5880 -0.0013 -0.8089
vn -0.9509 -0.0188 -0.3090
vn -0.9506 -0.0292 0.3089
vn 0.0003 -0.0168 0.9999
vn 0.5878 0.0013 0.8090
vn 0.9509 0.0188 0.3090
vn 0.9506 0.0292 -0.3091
vn -0.0005 0.0174 -0.9998
vn -0.5880 -0.0000 -0.8089
vn -0.9509 -0.0175 -0.3090
vn -0.9507 -0.0283 0.3089
vn -0.5873 -0.0283 0.8089
vn 0.0003 -0.0175 0.9998
vn 0.5878 -0.0000 0.8090
vn 0.9509 0.0175 0.3090
vn 0.9506 0.0283 -0.3091
vn 0.5871 0.0283 -0.8090
vn -0.0005 0.0180 -0.9998
vn -0.5880 0.0013 -0.8089
vn -0.9509 -0.0160 -0.3090
vn -0.9507 -0.0271 0.3089
vn -0.5874 -0.0279 0.8088
vn 0.0003 -0.0180 0.9998
vn 0.5878 -0.0013 0.8090
vn 0.9509 0.0160 0.3090
vn 0.9506 0.0272 -0.3091
vn 0.5871 0.0279 -0.8090
vn -0.0005 0.0186 -0.9998
vn -0.5880 0.0026 -0.8089
vn -0.9510 -0.0143 -0.3090
vn -0.9507 -0.0258 0.3089
vn -0.5874 -0.0274 0.8088
vn 0.0002 -0.0186 0.9998
vn 0.5878 -0.0026 0.8090
vn 0.9510 0.0143 0.3090
vn 0.9507 0.0258 -0.3091
vn 0.5872 0.0274 -0.8090
vn -0.0005 0.0190 -0.9998
vn -0.5880 0.0040 -0.8088
vn -0.9510 -0.0126 -0.3090
vn -0.9508 -0.0243 0.3089
vn -0.5874 -0.0268 0.8088
vn 0.0002 -0.0190 0.9998
vn 0.5878 -0.0040 0.8090
vn 0.9510 0.0125 0.3090
vn 0.9507 0.0243 -0.3091
vn 0.5872 0.0268 -0.8090
vn -0.0005 0.0194 -0.9998
vn -0.5880 0.0054 -0.8088
vn -0.9510 -0.0106 -0.3090
vn -0.9508 -0.0226 0.3089
vn -0.5875 -0.0259 0.8088
vn 0.0002 -0.0194 0.9998
vn 0.5878 -0.0054 0.8090
vn 0.9510 0.0106 0.3090
vn 0.9508 0.0226 -0.3091
vn 0.5872 0.0260 -0.8090
vn -0.0005 0.0197 -0.9998
vn -0.5880 0.0068 -0.8088
vn -0.9510 -0.0086 -0.3090
vn -0.9509 -0.0208 0.3089
vn -0.5876 -0.0250 0.8088
vn 0.0001 -0.0197 0.9998
vn 0.5878 -0.0068 0.8090
vn 0.9510 0.0086 0.3090
vn 0.9508 0.0208 -0.3091
vn 0.5873 0.0250 -0.8090
vn -0.0005 0.0199 -0.9998
vn -0.5880 0.0083 -0.8088
vn -0.9511 -0.0065 -0.3089
vn -0.9509 -0.0188 0.3089
vn -0.5876 -0.0239 0.8088
vn -0.0000 -0.0199 0.9998
vn 0.5878 -0.0083 0.8090
vn 0.9510 0.0065 0.3090
vn 0.9509 0.0188 -0.3091
vn 0.5873 0.0239 -0.8090
vn -0.0005 0.0200 -0.9998
vn -0.5880 0.0097 -0.8088
vn -0.9511 -0.0043 -0.3089
vn -0.9509 -0.0167 0.3089
vn -0.5877 -0.0226 0.8088
vn -0.0000 -0.0200 0.9998
vn 0.5877 -0.0097 0.8090
vn 0.9510 0.0043 0.3091
vn 0.9509 0.0167 -0.3091
vn 0.5874 0.0227 -0.8090
vn -0.0064 0.6511 -0.7589
vn -0.4546 0.6453 -0.6139
vn -0.7332 0.6388 -0.2332
vn -0.7351 0.6342 0.2398
vn -0.4576 0.6331 0.6243
vn -0.0063 0.6362 0.7715
vn 0.4451 0.6421 0.6242
vn 0.7224 0.6485 0.2398
vn 0.7205 0.6531 -0.2332
vn 0.4418 0.6542 -0.6139
vn -0.0280 -0.9996 -0.0000
vn -0.0099 1.0000 -0.0000
vt 0.000000 0.000000
vt 0.035714 0.000000
vt 0.035714 0.013514
vt 0.000000 0.013514
vt 0.071429 0.000000
vt 0.071429 0.013514
vt 0.107143 0.000000
vt 0.107143 0.013514
vt 0.142857 0.000000
vt 0.142857 0.013514
vt 0.178571 0.000000
vt 0.178571 0.013514
vt 0.214286 0.000000
vt 0.214286 0.013514
vt 0.250000 0.000000
vt 0.250000 0.013514
vt 0.285714 0.000000
vt 0.285714 0.013514
vt 0.321429 0.000000
vt 0.321429 0.013514
vt 0.357143 0.000000
vt 0.357143 0.013514
vt 0.392857 0.000000
vt 0.392857 0.013514
vt 0.428571 0.000000
vt 0.428571 0.013514
vt 0.464286 0.000000
vt 0.464286 0.013514
vt 0.035714 0.027027
vt 0.000000 0.027027
vt 0.071429 0.027027
vt 0.107143 0.027027
vt 0.142857 0.027027
vt 0.178571 0.027027
vt 0.214286 0.027027
vt 0.250000 0.027027
vt 0.285714 0.027027
vt 0.321429 0.027027
vt 0.357143 0.027027
vt 0.392857 0.027027
vt 0.428571 0.027027
vt 0.464286 0.027027
vt 0.035714 0.040541
vt 0.000000 0.040541
vt 0.071429 0.040541
vt 0.107143 0.040541
vt 0.142857 0.040541
vt 0.178571 0.040541
vt 0.214286 0.040541
vt 0.250000 0.040541
vt 0.285714 0.040541
vt 0.321429 0.040541
vt 0.357143 0.040541
vt 0.392857 0.040541
vt 0.428571 0.040541
vt 0.464286 0.040541
vt 0.035714 0.054054
vt 0.000000 0.054054
vt 0.071429 0.054054
vt 0.107143 0.054054
vt 0.142857 0.054054
vt 0.178571 0.054054
vt 0.214286 0.054054
vt 0.250000 0.054054
vt 0.285714 0.054054
vt 0.321429 0.054054
vt 0.357143 0.054054
vt 0.392857 0.054054
vt 0.428571 0.054054
vt 0.464286 0.054054
vt 0.035714 0.067568
vt 0.000000 0.067568
vt 0.071429 0.067568
vt 0.107143 0.067568
vt 0.142857 0.067568
vt 0.178571 0.067568
vt 0.214286 0.067568
vt 0.250000 0.067568
vt 0.285714 0.067568
vt 0.321429 0.067568
vt 0.357143 0.067568
vt 0.392857 0.067568
vt 0.428571 0.067568
vt 0.464286 0.067568
vt 0.035714 0.081081
vt 0.000000 0.081081
vt 0.071429 0.081081
vt 0.107143 0.081081
vt 0.142857 0.081081
vt 0.178571 0.081081
vt 0.214286 0.081081
vt 0.250000 0.081081
vt 0.285714 0.081081
vt 0.321429 0.081081
vt 0.357143 0.081081
vt 0.392857 0.081081
vt 0.428571 0.081081
vt 0.464286 0.081081
vt 0.035714 0.094595
vt 0.000000 0.094595
vt 0.071429 0.094595
vt 0.107143 0.094595
vt 0.142857 0.094595
vt 0.178571 0.094595
vt 0.214286 0.094595
vt 0.250000 0.094595
vt 0.285714 0.094595
vt 0.321429 0.094595
vt 0.357143 0.094595
vt 0.392857 0.094595
vt 0.428571 0.094595
vt 0.464286 0.094595
vt 0.035714 0.108108
vt 0.000000 0.108108
vt 0.071429 0.108108
vt 0.107143 0.108108
vt 0.142857 0.108108
vt 0.178571 0.108108
vt 0.214286 0.108108
vt 0.250000 0.108108
vt 0.285714 0.108108
vt 0.321429 0.108108
vt 0.357143 0.108108
vt 0.392857 0.108108
vt 0.428571 0.108108
vt 0.464286 0.108108
vt 0.035714 0.121622
vt 0.000000 0.121622
vt 0.071429 0.121622
vt 0.107143 0.121622
vt 0.142857 0.121622
vt 0.178571 0.121622
vt 0.214286 0.121622
vt 0.250000 0.121622
vt 0.285714 0.121622
vt 0.321429 0.121622
vt 0.357143 0.121622
vt 0.392857 0.121622
vt 0.428571 0.121622
vt 0.464286 0.121622
vt 0.035714 0.135135
vt 0.000000 0.135135
vt 0.071429 0.135135
vt 0.107143 0.135135
vt 0.142857 0.135135
vt 0.178571 0.135135
vt 0.214286 0.135135
vt 0.250000 0.135135
vt 0.285714 0.135135
vt 0.321429 0.135135
vt 0.357143 0.135135
vt 0.392857 0.135135
vt 0.428571 0.135135
vt 0.464286 0.135135
vt 0.035714 0.148649
vt 0.000000 0.148649
vt 0.071429 0.148649
vt 0.107143 0.148649
vt 0.142857 0.148649
vt 0.178571 0.148649
vt 0.214286 0.148649
vt 0.250000 0.148649
vt 0.285714 0.148649
vt 0.321429 0.148649
vt 0.357143 0.148649
vt 0.392857 0.148649
vt 0.428571 0.148649
vt 0.464286 0.148649
vt 0.035714 0.162162
vt 0.000000 0.162162
vt 0.071429 0.162162
vt 0.107143 0.162162
vt 0.142857 0.162162
vt 0.178571 0.162162
vt 0.214286 0.162162
vt 0.250000 0.162162
vt 0.285714 0.162162
vt 0.321429 0.162162
vt 0.357143 0.162162
vt 0.392857 0.162162
vt 0.428571 0.162162
vt 0.464286 0.162162
vt 0.035714 0.175676
vt 0.000000 0.175676
vt 0.071429 0.175676
vt 0.107143 0.175676
vt 0.142857 0.175676
vt 0.178571 0.175676
vt 0.214286 0.175676
vt 0.250000 0.175676
vt 0.285714 0.175676
vt 0.321429 0.175676
vt 0.357143 0.175676
vt 0.392857 0.175676
vt 0.428571 0.175676
vt 0.464286 0.175676
vt 0.035714 0.189189
vt 0.000000 0.189189
vt 0.071429 0.189189
vt 0.107143 0.189189
vt 0.142857 0.189189
vt 0.178571 0.189189
vt 0.214286 0.189189
vt 0.250000 0.189189
vt 0.285714 0.189189
vt 0.321429 0.189189
vt 0.357143 0.189189
vt 0.392857 0.189189
vt 0.428571 0.189189
vt 0.464286 0.189189
vt 0.035714 0.202703
vt 0.000000 0.202703
vt 0.071429 0.202703
vt 0.107143 0.202703
vt 0.142857 0.202703
vt 0.178571 0.202703
vt 0.214286 0.202703
vt 0.250000 0.202703
vt 0.285714 0.202703
vt 0.321429 0.202703
vt 0.357143 0.202703
vt 0.392857 0.202703
vt 0.428571 0.202703
vt 0.464286 0.202703
vt 0.035714 0.216216
vt 0.000000 0.216216
vt 0.071429 0.216216
vt 0.107143 0.216216
vt 0.142857 0.216216
vt 0.178571 0.216216
vt 0.214286 0.216216
vt 0.250000 0.216216
vt 0.285714 0.216216
vt 0.321429 0.216216
vt 0.357143 0.216216
vt 0.392857 0.216216
vt 0.428571 0.216216
vt 0.464286 0.216216
vt 0.035714 0.229730
vt 0.000000 0.229730
vt 0.071429 0.229730
vt 0.107143 0.229730
vt 0.142857 0.229730
vt 0.178571 0.229730
vt 0.214286 0.229730
vt 0.250000 0.229730
vt 0.285714 0.229730
vt 0.321429 0.229730
vt 0.357143 0.229730
vt 0.392857 0.229730
vt 0.428571 0.229730
vt 0.464286 0.229730
vt 0.035714 0.243243
vt 0.000000 0.243243
vt 0.071429 0.243243
vt 0.107143 0.243243
vt 0.142857 0.243243
vt 0.178571 0.243243
vt 0.214286 0.243243
vt 0.250000 0.243243
vt 0.285714 0.243243
vt 0.321429 0.243243
vt 0.357143 0.243243
vt 0.392857 0.243243
vt 0.428571 0.243243
vt 0.464286 0.243243
vt 0.035714 0.256757
vt 0.000000 0.256757
vt 0.071429 0.256757
vt 0.107143 0.256757
vt 0.142857 0.256757
vt 0.178571 0.256757
vt 0.214286 0.256757
vt 0.250000 0.256757
vt 0.285714 0.256757
vt 0.321429 0.256757
vt 0.357143 0.256757
vt 0.392857 0.256757
vt 0.428571 0.256757
vt 0.464286 0.256757
vt 0.035714 0.270270
vt 0.000000 0.270270
vt 0.071429 0.270270
vt 0.107143 0.270270
vt 0.142857 0.270270
vt 0.178571 0.270270
vt 0.214286 0.270270
vt 0.250000 0.270270
vt 0.285714 0.270270
vt 0.321429 0.270270
vt 0.357143 0.270270
vt 0.392857 0.270270
vt 0.428571 0.270270
vt 0.464286 0.270270
vt 0.035714 0.283784
vt 0.000000 0.283784
vt 0.071429 0.283784
vt 0.107143 0.283784
vt 0.142857 0.283784
vt 0.178571 0.283784
vt 0.214286 0.283784
vt 0.250000 0.283784
vt 0.285714 0.283784
vt 0.321429 0.283784
vt 0.357143 0.283784
vt 0.392857 0.283784
vt 0.428571 0.283784
vt 0.464286 0.283784
vt 0.035714 0.297297
vt 0.000000 0.297297
vt 0.071429 0.297297
vt 0.107143 0.297297
vt 0.142857 0.297297
vt 0.178571 0.297297
vt 0.214286 0.297297
vt 0.250000 0.297297
vt 0.285714 0.297297
vt 0.321429 0.297297
vt 0.357143 0.297297
vt 0.392857 0.297297
vt 0.428571 0.297297
vt 0.464286 0.297297
vt 0.035714 0.310811
vt 0.000000 0.310811
vt 0.071429 0.310811
vt 0.107143 0.310811
vt 0.142857 0.310811
vt 0.178571 0.310811
vt 0.214286 0.310811
vt 0.250000 0.310811
vt 0.285714 0.310811
vt 0.321429 0.310811
vt 0.357143 0.310811
vt 0.392857 0.310811
vt 0.428571 0.310811
vt 0.464286 0.310811
vt 0.035714 0.324324
vt 0.000000 0.324324
vt 0.071429 0.324324
vt 0.107143 0.324324
vt 0.142857 0.324324
vt 0.178571 0.324324
vt 0.214286 0.324324
vt 0.250000 0.324324
vt 0.285714 0.324324
vt 0.321429 0.324324
vt 0.357143 0.324324
vt 0.392857 0.324324
vt 0.428571 0.324324
vt 0.464286 0.324324
vt 0.035714 0.337838
vt 0.000000 0.337838
vt 0.071429 0.337838
vt 0.107143 0.337838
vt 0.142857 0.337838
vt 0.178571 0.337838
vt 0.214286 0.337838
vt 0.250000 0.337838
vt 0.285714 0.337838
vt 0.321429 0.337838
vt 0.357143 0.337838
vt 0.392857 0.337838
vt 0.428571 0.337838
vt 0.464286 0.337838
vt 0.035714 0.351351
vt 0.000000 0.351351
vt 0.071429 0.351351
vt 0.107143 0.351351
vt 0.142857 0.351351
vt 0.178571 0.351351
vt 0.214286 0.351351
vt 0.250000 0.351351
vt 0.285714 0.351351
vt 0.321429 0.351351
vt 0.357143 0.351351
vt 0.392857 0.351351
vt 0.428571 0.351351
vt 0.464286 0.351351
vt 0.035714 0.364865
vt 0.000000 0.364865
vt 0.071429 0.364865
vt 0.107143 0.364865
vt 0.142857 0.364865
vt 0.178571 0.364865
vt 0.214286 0.364865
vt 0.250000 0.364865
vt 0.285714 0.364865
vt 0.321429 0.364865
vt 0.357143 0.364865
vt 0.392857 0.364865
vt 0.428571 0.364865
vt 0.464286 0.364865
vt 0.035714 0.378378
vt 0.000000 0.378378
vt 0.071429 0.378378
vt 0.107143 0.378378
vt 0.142857 0.378378
vt 0.178571 0.378378
vt 0.214286 0.378378
vt 0.250000 0.378378
vt 0.285714 0.378378
vt 0.321429 0.378378
vt 0.357143 0.378378
vt 0.392857 0.378378
vt 0.428571 0.378378
vt 0.464286 0.378378
vt 0.035714 0.391892
vt 0.000000 0.391892
vt 0.071429 0.391892
vt 0.107143 0.391892
vt 0.142857 0.391892
vt 0.178571 0.391892
vt 0.214286 0.391892
vt 0.250000 0.391892
vt 0.285714 0.391892
vt 0.321429 0.391892
vt 0.357143 0.391892
vt 0.392857 0.391892
vt 0.428571 0.391892
vt 0.464286 0.391892
vt 0.035714 0.405405
vt 0.000000 0.405405
vt 0.071429 0.405405
vt 0.107143 0.405405
vt 0.142857 0.405405
vt 0.178571 0.405405
vt 0.214286 0.405405
vt 0.250000 0.405405
vt 0.285714 0.405405
vt 0.321429 0.405405
vt 0.357143 0.405405
vt 0.392857 0.405405
vt 0.428571 0.405405
vt 0.464286 0.405405
vt 0.035714 0.418919
vt 0.000000 0.418919
vt 0.071429 0.418919
vt 0.107143 0.418919
vt 0.142857 0.418919
vt 0.178571 0.418919
vt 0.214286 0.418919
vt 0.250000 0.418919
vt 0.285714 0.418919
vt 0.321429 0.418919
vt 0.357143 0.418919
vt 0.392857 0.418919
vt 0.428571 0.418919
vt 0.464286 0.418919
vt 0.035714 0.432432
vt 0.000000 0.432432
vt 0.071429 0.432432
vt 0.107143 0.432432
vt 0.142857 0.432432
vt 0.178571 0.432432
vt 0.214286 0.432432
vt 0.250000 0.432432
vt 0.285714 0.432432
vt 0.321429 0.432432
vt 0.357143 0.432432
vt 0.392857 0.432432
vt 0.428571 0.432432
vt 0.464286 0.432432
vt 0.035714 0.445946
vt 0.000000 0.445946
vt 0.071429 0.445946
vt 0.107143 0.445946
vt 0.142857 0.445946
vt 0.178571 0.445946
vt 0.214286 0.445946
vt 0.250000 0.445946
vt 0.285714 0.445946
vt 0.321429 0.445946
vt 0.357143 0.445946
vt 0.392857 0.445946
vt 0.428571 0.445946
vt 0.464286 0.445946
vt 0.035714 0.459459
vt 0.000000 0.459459
vt 0.071429 0.459459
vt 0.107143 0.459459
vt 0.142857 0.459459
vt 0.178571 0.459459
vt 0.214286 0.459459
vt 0.250000 0.459459
vt 0.285714 0.459459
vt 0.321429 0.459459
vt 0.357143 0.459459
vt 0.392857 0.459459
vt 0.428571 0.459459
vt 0.464286 0.459459
vt 0.035714 0.472973
vt 0.000000 0.472973
vt 0.071429 0.472973
vt 0.107143 0.472973
vt 0.142857 0.472973
vt 0.178571 0.472973
vt 0.214286 0.472973
vt 0.250000 0.472973
vt 0.285714 0.472973
vt 0.321429 0.472973
vt 0.357143 0.472973
vt 0.392857 0.472973
vt 0.428571 0.472973
vt 0.464286 0.472973
vt 0.035714 0.486486
vt 0.000000 0.486486
vt 0.071429 0.486486
vt 0.107143 0.486486
vt 0.142857 0.486486
vt 0.178571 0.486486
vt 0.214286 0.486486
vt 0.250000 0.486486
vt 0.285714 0.486486
vt 0.321429 0.486486
vt 0.357143 0.486486
vt 0.392857 0.486486
vt 0.428571 0.486486
vt 0.464286 0.486486
vt 0.035714 0.500000
vt 0.000000 0.500000
vt 0.071429 0.500000
vt 0.107143 0.500000
vt 0.142857 0.500000
vt 0.178571 0.500000
vt 0.214286 0.500000
vt 0.250000 0.500000
vt 0.285714 0.500000
vt 0.321429 0.500000
vt 0.357143 0.500000
vt 0.392857 0.500000
vt 0.428571 0.500000
vt 0.464286 0.500000
vt 0.035714 0.513514
vt 0.000000 0.513514
vt 0.071429 0.513514
vt 0.107143 0.513514
vt 0.142857 0.513514
vt 0.178571 0.513514
vt 0.214286 0.513514
vt 0.250000 0.513514
vt 0.285714 0.513514
vt 0.321429 0.513514
vt 0.357143 0.513514
vt 0.392857 0.513514
vt 0.428571 0.513514
vt 0.464286 0.513514
vt 0.035714 0.527027
vt 0.000000 0.527027
vt 0.071429 0.527027
vt 0.107143 0.527027
vt 0.142857 0.527027
vt 0.178571 0.527027
vt 0.214286 0.527027
vt 0.250000 0.527027
vt 0.285714 0.527027
vt 0.321429 0.527027
vt 0.357143 0.527027
vt 0.392857 0.527027
vt 0.428571 0.527027
vt 0.464286 0.527027
vt 0.035714 0.540541
vt 0.000000 0.540541
vt 0.071429 0.540541
vt 0.107143 0.540541
vt 0.142857 0.540541
vt 0.178571 0.540541
vt 0.214286 0.540541
vt 0.250000 0.540541
vt 0.285714 0.540541
vt 0.321429 0.540541
vt 0.357143 0.540541
vt 0.392857 0.540541
vt 0.428571 0.540541
vt 0.464286 0.540541
vt 0.035714 0.554054
vt 0.000000 0.554054
vt 0.071429 0.554054
vt 0.107143 0.554054
vt 0.142857 0.554054
vt 0.178571 0.554054
vt 0.214286 0.554054
vt 0.250000 0.554054
vt 0.285714 0.554054
vt 0.321429 0.554054
vt 0.357143 0.554054
vt 0.392857 0.554054
vt 0.428571 0.554054
vt 0.464286 0.554054
vt 0.035714 0.567568
vt 0.000000 0.567568
vt 0.071429 0.567568
vt 0.107143 0.567568
vt 0.142857 0.567568
vt 0.178571 0.567568
vt 0.214286 0.567568
vt 0.250000 0.567568
vt 0.285714 0.567568
vt 0.321429 0.567568
vt 0.357143 0.567568
vt 0.392857 0.567568
vt 0.428571 0.567568
vt 0.464286 0.567568
vt 0.035714 0.581081
vt 0.000000 0.581081
vt 0.071429 0.581081
vt 0.107143 0.581081
vt 0.142857 0.581081
vt 0.178571 0.581081
vt 0.214286 0.581081
vt 0.250000 0.581081
vt 0.285714 0.581081
vt 0.321429 0.581081
vt 0.357143 0.581081
vt 0.392857 0.581081
vt 0.428571 0.581081
vt 0.464286 0.581081
vt 0.035714 0.594595
vt 0.000000 0.594595
vt 0.071429 0.594595
vt 0.107143 0.594595
vt 0.142857 0.594595
vt 0.178571 0.594595
vt 0.214286 0.594595
vt 0.250000 0.594595
vt 0.285714 0.594595
vt 0.321429 0.594595
vt 0.357143 0.594595
vt 0.392857 0.594595
vt 0.428571 0.594595
vt 0.464286 0.594595
vt 0.035714 0.608108
vt 0.000000 0.608108
vt 0.071429 0.608108
vt 0.107143 0.608108
vt 0.142857 0.608108
vt 0.178571 0.608108
vt 0.214286 0.608108
vt 0.250000 0.608108
vt 0.285714 0.608108
vt 0.321429 0.608108
vt 0.357143 0.608108
vt 0.392857 0.608108
vt 0.428571 0.608108
vt 0.464286 0.608108
vt 0.035714 0.621622
vt 0.000000 0.621622
vt 0.071429 0.621622
vt 0.107143 0.621622
vt 0.142857 0.621622
vt 0.178571 0.621622
vt 0.214286 0.621622
vt 0.250000 0.621622
vt 0.285714 0.621622
vt 0.321429 0.621622
vt 0.357143 0.621622
vt 0.392857 0.621622
vt 0.428571 0.621622
vt 0.464286 0.621622
vt 0.035714 0.635135
vt 0.000000 0.635135
vt 0.071429 0.635135
vt 0.107143 0.635135
vt 0.142857 0.635135
vt 0.178571 0.635135
vt 0.214286 0.635135
vt 0.250000 0.635135
vt 0.285714 0.635135
vt 0.321429 0.635135
vt 0.357143 0.635135
vt 0.392857 0.635135
vt 0.428571 0.635135
vt 0.464286 0.635135
vt 0.035714 0.648649
vt 0.000000 0.648649
vt 0.071429 0.648649
vt 0.107143 0.648649
vt 0.142857 0.648649
vt 0.178571 0.648649
vt 0.214286 0.648649
vt 0.250000 0.648649
vt 0.285714 0.648649
vt 0.321429 0.648649
vt 0.357143 0.648649
vt 0.392857 0.648649
vt 0.428571 0.648649
vt 0.464286 0.648649
vt 0.035714 0.662162
vt 0.000000 0.662162
vt 0.071429 0.662162
vt 0.107143 0.662162
vt 0.142857 0.662162
vt 0.178571 0.662162
vt 0.214286 0.662162
vt 0.250000 0.662162
vt 0.285714 0.662162
vt 0.321429 0.662162
vt 0.357143 0.662162
vt 0.392857 0.662162
vt 0.428571 0.662162
vt 0.464286 0.662162
vt 0.035714 0.675676
vt 0.000000 0.675676
vt 0.071429 0.675676
vt 0.107143 0.675676
vt 0.142857 0.675676
vt 0.178571 0.675676
vt 0.214286 0.675676
vt 0.250000 0.675676
vt 0.285714 0.675676
vt 0.321429 0.675676
vt 0.357143 0.675676
vt 0.392857 0.675676
vt 0.428571 0.675676
vt 0.464286 0.675676
vt 0.035714 0.689189
vt 0.000000 0.689189
vt 0.071429 0.689189
vt 0.107143 0.689189
vt 0.142857 0.689189
vt 0.178571 0.689189
vt 0.214286 0.689189
vt 0.250000 0.689189
vt 0.285714 0.689189
vt 0.321429 0.689189
vt 0.357143 0.689189
vt 0.392857 0.689189
vt 0.428571 0.689189
vt 0.464286 0.689189
vt 0.035714 0.702703
vt 0.000000 0.702703
vt 0.071429 0.702703
vt 0.107143 0.702703
vt 0.142857 0.702703
vt 0.178571 0.702703
vt 0.214286 0.702703
vt 0.250000 0.702703
vt 0.285714 0.702703
vt 0.321429 0.702703
vt 0.357143 0.702703
vt 0.392857 0.702703
vt 0.428571 0.702703
vt 0.464286 0.702703
vt 0.035714 0.716216
vt 0.000000 0.716216
vt 0.071429 0.716216
vt 0.107143 0.716216
vt 0.142857 0.716216
vt 0.178571 0.716216
vt 0.214286 0.716216
vt 0.250000 0.716216
vt 0.285714 0.716216
vt 0.321429 0.716216
vt 0.357143 0.716216
vt 0.392857 0.716216
vt 0.428571 0.716216
vt 0.464286 0.716216
vt 0.035714 0.729730
vt 0.000000 0.729730
vt 0.071429 0.729730
vt 0.107143 0.729730
vt 0.142857 0.729730
vt 0.178571 0.729730
vt 0.214286 0.729730
vt 0.250000 0.729730
vt 0.285714 0.729730
vt 0.321429 0.729730
vt 0.357143 0.729730
vt 0.392857 0.729730
vt 0.428571 0.729730
vt 0.464286 0.729730
vt 0.035714 0.743243
vt 0.000000 0.743243
vt 0.071429 0.743243
vt 0.107143 0.743243
vt 0.142857 0.743243
vt 0.178571 0.743243
vt 0.214286 0.743243
vt 0.250000 0.743243
vt 0.285714 0.743243
vt 0.321429 0.743243
vt 0.357143 0.743243
vt 0.392857 0.743243
vt 0.428571 0.743243
vt 0.464286 0.743243
vt 0.035714 0.756757
vt 0.000000 0.756757
vt 0.071429 0.756757
vt 0.107143 0.756757
vt 0.142857 0.756757
vt 0.178571 0.756757
vt 0.214286 0.756757
vt 0.250000 0.756757
vt 0.285714 0.756757
vt 0.321429 0.756757
vt 0.357143 0.756757
vt 0.392857 0.756757
vt 0.428571 0.756757
vt 0.464286 0.756757
vt 0.035714 0.770270
vt 0.000000 0.770270
vt 0.071429 0.770270
vt 0.107143 0.770270
vt 0.142857 0.770270
vt 0.178571 0.770270
vt 0.214286 0.770270
vt 0.250000 0.770270
vt 0.285714 0.770270
vt 0.321429 0.770270
vt 0.357143 0.770270
vt 0.392857 0.770270
vt 0.428571 0.770270
vt 0.464286 0.770270
vt 0.035714 0.783784
vt 0.000000 0.783784
vt 0.071429 0.783784
vt 0.107143 0.783784
vt 0.142857 0.783784
vt 0.178571 0.783784
vt 0.214286 0.783784
vt 0.250000 0.783784
vt 0.285714 0.783784
vt 0.321429 0.783784
vt 0.357143 0.783784
vt 0.392857 0.783784
vt 0.428571 0.783784
vt 0.464286 0.783784
vt 0.035714 0.797297
vt 0.000000 0.797297
vt 0.071429 0.797297
vt 0.107143 0.797297
vt 0.142857 0.797297
vt 0.178571 0.797297
vt 0.214286 0.797297
vt 0.250000 0.797297
vt 0.285714 0.797297
vt 0.321429 0.797297
vt 0.357143 0.797297
vt 0.392857 0.797297
vt 0.428571 0.797297
vt 0.464286 0.797297
vt 0.035714 0.810811
vt 0.000000 0.810811
vt 0.071429 0.810811
vt 0.107143 0.810811
vt 0.142857 0.810811
vt 0.178571 0.810811
vt 0.214286 0.810811
vt 0.250000 0.810811
vt 0.285714 0.810811
vt 0.321429 0.810811
vt 0.357143 0.810811
vt 0.392857 0.810811
vt 0.428571 0.810811
vt 0.464286 0.810811
vt 0.035714 0.824324
vt 0.000000 0.824324
vt 0.071429 0.824324
vt 0.107143 0.824324
vt 0.142857 0.824324
vt 0.178571 0.824324
vt 0.214286 0.824324
vt 0.250000 0.824324
vt 0.285714 0.824324
vt 0.321429 0.824324
vt 0.357143 0.824324
vt 0.392857 0.824324
vt 0.428571 0.824324
vt 0.464286 0.824324
vt 0.035714 0.837838
vt 0.000000 0.837838
vt 0.071429 0.837838
vt 0.107143 0.837838
vt 0.142857 0.837838
vt 0.178571 0.837838
vt 0.214286 0.837838
vt 0.250000 0.837838
vt 0.285714 0.837838
vt 0.321429 0.837838
vt 0.357143 0.837838
vt 0.392857 0.837838
vt 0.428571 0.837838
vt 0.464286 0.837838
vt 0.035714 0.851351
vt 0.000000 0.851351
vt 0.071429 0.851351
vt 0.107143 0.851351
vt 0.142857 0.851351
vt 0.178571 0.851351
vt 0.214286 0.851351
vt 0.250000 0.851351
vt 0.285714 0.851351
vt 0.321429 0.851351
vt 0.357143 0.851351
vt 0.392857 0.851351
vt 0.428571 0.851351
vt 0.464286 0.851351
vt 0.035714 0.864865
vt 0.000000 0.864865
vt 0.071429 0.864865
vt 0.107143 0.864865
vt 0.142857 0.864865
vt 0.178571 0.864865
vt 0.214286 0.864865
vt 0.250000 0.864865
vt 0.285714 0.864865
vt 0.321429 0.864865
vt 0.357143 0.864865
vt 0.392857 0.864865
vt 0.428571 0.864865
vt 0.464286 0.864865
vt 0.035714 0.878378
vt 0.000000 0.878378
vt 0.071429 0.878378
vt 0.107143 0.878378
vt 0.142857 0.878378
vt 0.178571 0.878378
vt 0.214286 0.878378
vt 0.250000 0.878378
vt 0.285714 0.878378
vt 0.321429 0.878378
vt 0.357143 0.878378
vt 0.392857 0.878378
vt 0.428571 0.878378
vt 0.464286 0.878378
vt 0.035714 0.891892
vt 0.000000 0.891892
vt 0.071429 0.891892
vt 0.107143 0.891892
vt 0.142857 0.891892
vt 0.178571 0.891892
vt 0.214286 0.891892
vt 0.250000 0.891892
vt 0.285714 0.891892
vt 0.321429 0.891892
vt 0.357143 0.891892
vt 0.392857 0.891892
vt 0.428571 0.891892
vt 0.464286 0.891892
vt 0.035714 0.905405
vt 0.000000 0.905405
vt 0.071429 0.905405
vt 0.107143 0.905405
vt 0.142857 0.905405
vt 0.178571 0.905405
vt 0.214286 0.905405
vt 0.250000 0.905405
vt 0.285714 0.905405
vt 0.321429 0.905405
vt 0.357143 0.905405
vt 0.392857 0.905405
vt 0.428571 0.905405
vt 0.464286 0.905405
vt 0.035714 0.918919
vt 0.000000 0.918919
vt 0.071429 0.918919
vt 0.107143 0.918919
vt 0.142857 0.918919
vt 0.178571 0.918919
vt 0.214286 0.918919
vt 0.250000 0.918919
vt 0.285714 0.918919
vt 0.321429 0.918919
vt 0.357143 0.918919
vt 0.392857 0.918919
vt 0.428571 0.918919
vt 0.464286 0.918919
vt 0.035714 0.932432
vt 0.000000 0.932432
vt 0.071429 0.932432
vt 0.107143 0.932432
vt 0.142857 0.932432
vt 0.178571 0.932432
vt 0.214286 0.932432
vt 0.250000 0.932432
vt 0.285714 0.932432
vt 0.321429 0.932432
vt 0.357143 0.932432
vt 0.392857 0.932432
vt 0.428571 0.932432
vt 0.464286 0.932432
vt 0.035714 0.945946
vt 0.000000 0.945946
vt 0.071429 0.945946
vt 0.107143 0.945946
vt 0.142857 0.945946
vt 0.178571 0.945946
vt 0.214286 0.945946
vt 0.250000 0.945946
vt 0.285714 0.945946
vt 0.321429 0.945946
vt 0.357143 0.945946
vt 0.392857 0.945946
vt 0.428571 0.945946
vt 0.464286 0.945946
vt 0.035714 0.959459
vt 0.000000 0.959459
vt 0.071429 0.959459
vt 0.107143 0.959459
vt 0.142857 0.959459
vt 0.178571 0.959459
vt 0.214286 0.959459
vt 0.250000 0.959459
vt 0.285714 0.959459
vt 0.321429 0.959459
vt 0.357143 0.959459
vt 0.392857 0.959459
vt 0.428571 0.959459
vt 0.464286 0.959459
vt 0.035714 0.972973
vt 0.000000 0.972973
vt 0.071429 0.972973
vt 0.107143 0.972973
vt 0.142857 0.972973
vt 0.178571 0.972973
vt 0.214286 0.972973
vt 0.250000 0.972973
vt 0.285714 0.972973
vt 0.321429 0.972973
vt 0.357143 0.972973
vt 0.392857 0.972973
vt 0.428571 0.972973
vt 0.464286 0.972973
vt 0.035714 0.986486
vt 0.000000 0.986486
vt 0.071429 0.986486
vt 0.107143 0.986486
vt 0.142857 0.986486
vt 0.178571 0.986486
vt 0.214286 0.986486
vt 0.250000 0.986486
vt 0.285714 0.986486
vt 0.321429 0.986486
vt 0.357143 0.986486
vt 0.392857 0.986486
vt 0.428571 0.986486
vt 0.464286 0.986486
vt 0.035714 1.000000
vt 0.000000 1.000000
vt 0.071429 1.000000
vt 0.107143 1.000000
vt 0.142857 1.000000
vt 0.178571 1.000000
vt 0.214286 1.000000
vt 0.250000 1.000000
vt 0.285714 1.000000
vt 0.321429 1.000000
vt 0.357143 1.000000
vt 0.392857 1.000000
vt 0.428571 1.000000
vt 0.464286 1.000000
vt 0.012500 0.000000
vt 0.012500 0.083333
vt 0.000000 0.083333
vt 0.012500 0.166667
vt 0.000000 0.166667
vt 0.012500 0.250000
vt 0.000000 0.250000
vt 0.012500 0.333333
vt 0.000000 0.333333
vt 0.012500 0.416667
vt 0.000000 0.416667
vt 0.012500 0.500000
vt 0.012500 0.583333
vt 0.000000 0.583333
vt 0.012500 0.666667
vt 0.000000 0.666667
vt 0.012500 0.750000
vt 0.000000 0.750000
vt 0.012500 0.833333
vt 0.000000 0.833333
vt 0.012500 0.916667
vt 0.000000 0.916667
vt 0.025000 0.000000
vt 0.025000 0.083333
vt 0.025000 0.166667
vt 0.025000 0.250000
vt 0.025000 0.333333
vt 0.025000 0.416667
vt 0.025000 0.500000
vt 0.025000 0.583333
vt 0.025000 0.666667
vt 0.025000 0.750000
vt 0.025000 0.833333
vt 0.025000 0.916667
vt 0.037500 0.000000
vt 0.037500 0.083333
vt 0.037500 0.166667
vt 0.037500 0.250000
vt 0.037500 0.333333
vt 0.037500 0.416667
vt 0.037500 0.500000
vt 0.037500 0.583333
vt 0.037500 0.666667
vt 0.037500 0.750000
vt 0.037500 0.833333
vt 0.037500 0.916667
vt 0.050000 0.000000
vt 0.050000 0.083333
vt 0.050000 0.166667
vt 0.050000 0.250000
vt 0.050000 0.333333
vt 0.050000 0.416667
vt 0.050000 0.500000
vt 0.050000 0.583333
vt 0.050000 0.666667
vt 0.050000 0.750000
vt 0.050000 0.833333
vt 0.050000 0.916667
vt 0.062500 0.000000
vt 0.062500 0.083333
vt 0.062500 0.166667
vt 0.062500 0.250000
vt 0.062500 0.333333
vt 0.062500 0.416667
vt 0.062500 0.500000
vt 0.062500 0.583333
vt 0.062500 0.666667
vt 0.062500 0.750000
vt 0.062500 0.833333
vt 0.062500 0.916667
vt 0.075000 0.000000
vt 0.075000 0.083333
vt 0.075000 0.166667
vt 0.075000 0.250000
vt 0.075000 0.333333
vt 0.075000 0.416667
vt 0.075000 0.500000
vt 0.075000 0.583333
vt 0.075000 0.666667
vt 0.075000 0.750000
vt 0.075000 0.833333
vt 0.075000 0.916667
vt 0.087500 0.000000
vt 0.087500 0.083333
vt 0.087500 0.166667
vt 0.087500 0.250000
vt 0.087500 0.333333
vt 0.087500 0.416667
vt 0.087500 0.500000
vt 0.087500 0.583333
vt 0.087500 0.666667
vt 0.087500 0.750000
vt 0.087500 0.833333
vt 0.087500 0.916667
vt 0.100000 0.000000
vt 0.100000 0.083333
vt 0.100000 0.166667
vt 0.100000 0.250000
vt 0.100000 0.333333
vt 0.100000 0.416667
vt 0.100000 0.500000
vt 0.100000 0.583333
vt 0.100000 0.666667
vt 0.100000 0.750000
vt 0.100000 0.833333
vt 0.100000 0.916667
vt 0.112500 0.000000
vt 0.112500 0.083333
vt 0.112500 0.166667
vt 0.112500 0.250000
vt 0.112500 0.333333
vt 0.112500 0.416667
vt 0.112500 0.500000
vt 0.112500 0.583333
vt 0.112500 0.666667
vt 0.112500 0.750000
vt 0.112500 0.833333
vt 0.112500 0.916667
vt 0.125000 0.000000
vt 0.125000 0.083333
vt 0.125000 0.166667
vt 0.125000 0.250000
vt 0.125000 0.333333
vt 0.125000 0.416667
vt 0.125000 0.500000
vt 0.125000 0.583333
vt 0.125000 0.666667
vt 0.125000 0.750000
vt 0.125000 0.833333
vt 0.125000 0.916667
vt 0.137500 0.000000
vt 0.137500 0.083333
vt 0.137500 0.166667
vt 0.137500 0.250000
vt 0.137500 0.333333
vt 0.137500 0.416667
vt 0.137500 0.500000
vt 0.137500 0.583333
vt 0.137500 0.666667
vt 0.137500 0.750000
vt 0.137500 0.833333
vt 0.137500 0.916667
vt 0.150000 0.000000
vt 0.150000 0.083333
vt 0.150000 0.166667
vt 0.150000 0.250000
vt 0.150000 0.333333
vt 0.150000 0.416667
vt 0.150000 0.500000
vt 0.150000 0.583333
vt 0.150000 0.666667
vt 0.150000 0.750000
vt 0.150000 0.833333
vt 0.150000 0.916667
vt 0.162500 0.000000
vt 0.162500 0.083333
vt 0.162500 0.166667
vt 0.162500 0.250000
vt 0.162500 0.333333
vt 0.162500 0.416667
vt 0.162500 0.500000
vt 0.162500 0.583333
vt 0.162500 0.666667
vt 0.162500 0.750000
vt 0.162500 0.833333
vt 0.162500 0.916667
vt 0.175000 0.000000
vt 0.175000 0.083333
vt 0.175000 0.166667
vt 0.175000 0.250000
vt 0.175000 0.333333
vt 0.175000 0.416667
vt 0.175000 0.500000
vt 0.175000 0.583333
vt 0.175000 0.666667
vt 0.175000 0.750000
vt 0.175000 0.833333
vt 0.175000 0.916667
vt 0.187500 0.000000
vt 0.187500 0.083333
vt 0.187500 0.166667
vt 0.187500 0.250000
vt 0.187500 0.333333
vt 0.187500 0.416667
vt 0.187500 0.500000
vt 0.187500 0.583333
vt 0.187500 0.666667
vt 0.187500 0.750000
vt 0.187500 0.833333
vt 0.187500 0.916667
vt 0.200000 0.000000
vt 0.200000 0.083333
vt 0.200000 0.166667
vt 0.200000 0.250000
vt 0.200000 0.333333
vt 0.200000 0.416667
vt 0.200000 0.500000
vt 0.200000 0.583333
vt 0.200000 0.666667
vt 0.200000 0.750000
vt 0.200000 0.833333
vt 0.200000 0.916667
vt 0.212500 0.000000
vt 0.212500 0.083333
vt 0.212500 0.166667
vt 0.212500 0.250000
vt 0.212500 0.333333
vt 0.212500 0.416667
vt 0.212500 0.500000
vt 0.212500 0.583333
vt 0.212500 0.666667
vt 0.212500 0.750000
vt 0.212500 0.833333
vt 0.212500 0.916667
vt 0.225000 0.000000
vt 0.225000 0.083333
vt 0.225000 0.166667
vt 0.225000 0.250000
vt 0.225000 0.333333
vt 0.225000 0.416667
vt 0.225000 0.500000
vt 0.225000 0.583333
vt 0.225000 0.666667
vt 0.225000 0.750000
vt 0.225000 0.833333
vt 0.225000 0.916667
vt 0.237500 0.000000
vt 0.237500 0.083333
vt 0.237500 0.166667
vt 0.237500 0.250000
vt 0.237500 0.333333
vt 0.237500 0.416667
vt 0.237500 0.500000
vt 0.237500 0.583333
vt 0.237500 0.666667
vt 0.237500 0.750000
vt 0.237500 0.833333
vt 0.237500 0.916667
vt 0.250000 0.083333
vt 0.250000 0.166667
vt 0.250000 0.250000
vt 0.250000 0.333333
vt 0.250000 0.416667
vt 0.250000 0.583333
vt 0.250000 0.666667
vt 0.250000 0.750000
vt 0.250000 0.833333
vt 0.250000 0.916667
vt 0.262500 0.000000
vt 0.262500 0.083333
vt 0.262500 0.166667
vt 0.262500 0.250000
vt 0.262500 0.333333
vt 0.262500 0.416667
vt 0.262500 0.500000
vt 0.262500 0.583333
vt 0.262500 0.666667
vt 0.262500 0.750000
vt 0.262500 0.833333
vt 0.262500 0.916667
vt 0.275000 0.000000
vt 0.275000 0.083333
vt 0.275000 0.166667
vt 0.275000 0.250000
vt 0.275000 0.333333
vt 0.275000 0.416667
vt 0.275000 0.500000
vt 0.275000 0.583333
vt 0.275000 0.666667
vt 0.275000 0.750000
vt 0.275000 0.833333
vt 0.275000 0.916667
vt 0.287500 0.000000
vt 0.287500 0.083333
vt 0.287500 0.166667
vt 0.287500 0.250000
vt 0.287500 0.333333
vt 0.287500 0.416667
vt 0.287500 0.500000
vt 0.287500 0.583333
vt 0.287500 0.666667
vt 0.287500 0.750000
vt 0.287500 0.833333
vt 0.287500 0.916667
vt 0.300000 0.000000
vt 0.300000 0.083333
vt 0.300000 0.166667
vt 0.300000 0.250000
vt 0.300000 0.333333
vt 0.300000 0.416667
vt 0.300000 0.500000
vt 0.300000 0.583333
vt 0.300000 0.666667
vt 0.300000 0.750000
vt 0.300000 0.833333
vt 0.300000 0.916667
vt 0.312500 0.000000
vt 0.312500 0.083333
vt 0.312500 0.166667
vt 0.312500 0.250000
vt 0.312500 0.333333
vt 0.312500 0.416667
vt 0.312500 0.500000
vt 0.312500 0.583333
vt 0.312500 0.666667
vt 0.312500 0.750000
vt 0.312500 0.833333
vt 0.312500 0.916667
vt 0.325000 0.000000
vt 0.325000 0.083333
vt 0.325000 0.166667
vt 0.325000 0.250000
vt 0.325000 0.333333
vt 0.325000 0.416667
vt 0.325000 0.500000
vt 0.325000 0.583333
vt 0.325000 0.666667
vt 0.325000 0.750000
vt 0.325000 0.833333
vt 0.325000 0.916667
vt 0.337500 0.000000
vt 0.337500 0.083333
vt 0.337500 0.166667
vt 0.337500 0.250000
vt 0.337500 0.333333
vt 0.337500 0.416667
vt 0.337500 0.500000
vt 0.337500 0.583333
vt 0.337500 0.666667
vt 0.337500 0.750000
vt 0.337500 0.833333
vt 0.337500 0.916667
vt 0.350000 0.000000
vt 0.350000 0.083333
vt 0.350000 0.166667
vt 0.350000 0.250000
vt 0.350000 0.333333
vt 0.350000 0.416667
vt 0.350000 0.500000
vt 0.350000 0.583333
vt 0.350000 0.666667
vt 0.350000 0.750000
vt 0.350000 0.833333
vt 0.350000 0.916667
vt 0.362500 0.000000
vt 0.362500 0.083333
vt 0.362500 0.166667
vt 0.362500 0.250000
vt 0.362500 0.333333
vt 0.362500 0.416667
vt 0.362500 0.500000
vt 0.362500 0.583333
vt 0.362500 0.666667
vt 0.362500 0.750000
vt 0.362500 0.833333
vt 0.362500 0.916667
vt 0.375000 0.000000
vt 0.375000 0.083333
vt 0.375000 0.166667
vt 0.375000 0.250000
vt 0.375000 0.333333
vt 0.375000 0.416667
vt 0.375000 0.500000
vt 0.375000 0.583333
vt 0.375000 0.666667
vt 0.375000 0.750000
vt 0.375000 0.833333
vt 0.375000 0.916667
vt 0.387500 0.000000
vt 0.387500 0.083333
vt 0.387500 0.166667
vt 0.387500 0.250000
vt 0.387500 0.333333
vt 0.387500 0.416667
vt 0.387500 0.500000
vt 0.387500 0.583333
vt 0.387500 0.666667
vt 0.387500 0.750000
vt 0.387500 0.833333
vt 0.387500 0.916667
vt 0.400000 0.000000
vt 0.400000 0.083333
vt 0.400000 0.166667
vt 0.400000 0.250000
vt 0.400000 0.333333
vt 0.400000 0.416667
vt 0.400000 0.500000
vt 0.400000 0.583333
vt 0.400000 0.666667
vt 0.400000 0.750000
vt 0.400000 0.833333
vt 0.400000 0.916667
vt 0.412500 0.000000
vt 0.412500 0.083333
vt 0.412500 0.166667
vt 0.412500 0.250000
vt 0.412500 0.333333
vt 0.412500 0.416667
vt 0.412500 0.500000
vt 0.412500 0.583333
vt 0.412500 0.666667
vt 0.412500 0.750000
vt 0.412500 0.833333
vt 0.412500 0.916667
vt 0.425000 0.000000
vt 0.425000 0.083333
vt 0.425000 0.166667
vt 0.425000 0.250000
vt 0.425000 0.333333
vt 0.425000 0.416667
vt 0.425000 0.500000
vt 0.425000 0.583333
vt 0.425000 0.666667
vt 0.425000 0.750000
vt 0.425000 0.833333
vt 0.425000 0.916667
vt 0.437500 0.000000
vt 0.437500 0.083333
vt 0.437500 0.166667
vt 0.437500 0.250000
vt 0.437500 0.333333
vt 0.437500 0.416667
vt 0.437500 0.500000
vt 0.437500 0.583333
vt 0.437500 0.666667
vt 0.437500 0.750000
vt 0.437500 0.833333
vt 0.437500 0.916667
vt 0.450000 0.000000
vt 0.450000 0.083333
vt 0.450000 0.166667
vt 0.450000 0.250000
vt 0.450000 0.333333
vt 0.450000 0.416667
vt 0.450000 0.500000
vt 0.450000 0.583333
vt 0.450000 0.666667
vt 0.450000 0.750000
vt 0.450000 0.833333
vt 0.450000 0.916667
vt 0.462500 0.000000
vt 0.462500 0.083333
vt 0.462500 0.166667
vt 0.462500 0.250000
vt 0.462500 0.333333
vt 0.462500 0.416667
vt 0.462500 0.500000
vt 0.462500 0.583333
vt 0.462500 0.666667
vt 0.462500 0.750000
vt 0.462500 0.833333
vt 0.462500 0.916667
vt 0.475000 0.000000
vt 0.475000 0.083333
vt 0.475000 0.166667
vt 0.475000 0.250000
vt 0.475000 0.333333
vt 0.475000 0.416667
vt 0.475000 0.500000
vt 0.475000 0.583333
vt 0.475000 0.666667
vt 0.475000 0.750000
vt 0.475000 0.833333
vt 0.475000 0.916667
vt 0.487500 0.000000
vt 0.487500 0.083333
vt 0.487500 0.166667
vt 0.487500 0.250000
vt 0.487500 0.333333
vt 0.487500 0.416667
vt 0.487500 0.500000
vt 0.487500 0.583333
vt 0.487500 0.666667
vt 0.487500 0.750000
vt 0.487500 0.833333
vt 0.487500 0.916667
vt 0.041667 0.000000
vt 0.041667 0.333333
vt 0.083333 0.000000
vt 0.083333 0.333333
vt 0.166667 0.000000
vt 0.166667 0.333333
vt 0.208333 0.000000
vt 0.208333 0.333333
vt 0.291667 0.000000
vt 0.291667 0.333333
vt 0.333333 0.000000
vt 0.333333 0.333333
vt 0.416667 0.000000
vt 0.416667 0.333333
vt 0.458333 0.000000
vt 0.458333 0.333333
vt 0.041667 0.666667
vt 0.083333 0.666667
vt 0.166667 0.666667
vt 0.208333 0.666667
vt 0.291667 0.666667
vt 0.333333 0.666667
vt 0.416667 0.666667
vt 0.458333 0.666667
vt 0.041667 1.000000
vt 0.083333 1.000000
vt 0.125000 1.000000
vt 0.166667 1.000000
vt 0.208333 1.000000
vt 0.291667 1.000000
vt 0.333333 1.000000
vt 0.375000 1.000000
vt 0.416667 1.000000
vt 0.458333 1.000000
vt 0.500000 0.000000
vt 0.550000 0.000000
vt 0.550000 0.020408
vt 0.500000 0.020408
vt 0.600000 0.000000
vt 0.600000 0.020408
vt 0.650000 0.000000
vt 0.650000 0.020408
vt 0.700000 0.000000
vt 0.700000 0.020408
vt 0.750000 0.000000
vt 0.750000 0.020408
vt 0.800000 0.000000
vt 0.800000 0.020408
vt 0.850000 0.000000
vt 0.850000 0.020408
vt 0.900000 0.000000
vt 0.900000 0.020408
vt 0.950000 0.000000
vt 0.950000 0.020408
vt 0.550000 0.040816
vt 0.500000 0.040816
vt 0.600000 0.040816
vt 0.650000 0.040816
vt 0.700000 0.040816
vt 0.750000 0.040816
vt 0.800000 0.040816
vt 0.850000 0.040816
vt 0.900000 0.040816
vt 0.950000 0.040816
vt 0.550000 0.061224
vt 0.500000 0.061224
vt 0.600000 0.061224
vt 0.650000 0.061224
vt 0.700000 0.061224
vt 0.750000 0.061224
vt 0.800000 0.061224
vt 0.850000 0.061224
vt 0.900000 0.061224
vt 0.950000 0.061224
vt 0.550000 0.081633
vt 0.500000 0.081633
vt 0.600000 0.081633
vt 0.650000 0.081633
vt 0.700000 0.081633
vt 0.750000 0.081633
vt 0.800000 0.081633
vt 0.850000 0.081633
vt 0.900000 0.081633
vt 0.950000 0.081633
vt 0.550000 0.102041
vt 0.500000 0.102041
vt 0.600000 0.102041
vt 0.650000 0.102041
vt 0.700000 0.102041
vt 0.750000 0.102041
vt 0.800000 0.102041
vt 0.850000 0.102041
vt 0.900000 0.102041
vt 0.950000 0.102041
vt 0.550000 0.122449
vt 0.500000 0.122449
vt 0.600000 0.122449
vt 0.650000 0.122449
vt 0.700000 0.122449
vt 0.750000 0.122449
vt 0.800000 0.122449
vt 0.850000 0.122449
vt 0.900000 0.122449
vt 0.950000 0.122449
vt 0.550000 0.142857
vt 0.500000 0.142857
vt 0.600000 0.142857
vt 0.650000 0.142857
vt 0.700000 0.142857
vt 0.750000 0.142857
vt 0.800000 0.142857
vt 0.850000 0.142857
vt 0.900000 0.142857
vt 0.950000 0.142857
vt 0.550000 0.163265
vt 0.500000 0.163265
vt 0.600000 0.163265
vt 0.650000 0.163265
vt 0.700000 0.163265
vt 0.750000 0.163265
vt 0.800000 0.163265
vt 0.850000 0.163265
vt 0.900000 0.163265
vt 0.950000 0.163265
vt 0.550000 0.183673
vt 0.500000 0.183673
vt 0.600000 0.183673
vt 0.650000 0.183673
vt 0.700000 0.183673
vt 0.750000 0.183673
vt 0.800000 0.183673
vt 0.850000 0.183673
vt 0.900000 0.183673
vt 0.950000 0.183673
vt 0.550000 0.204082
vt 0.500000 0.204082
vt 0.600000 0.204082
vt 0.650000 0.204082
vt 0.700000 0.204082
vt 0.750000 0.204082
vt 0.800000 0.204082
vt 0.850000 0.204082
vt 0.900000 0.204082
vt 0.950000 0.204082
vt 0.550000 0.224490
vt 0.500000 0.224490
vt 0.600000 0.224490
vt 0.650000 0.224490
vt 0.700000 0.224490
vt 0.750000 0.224490
vt 0.800000 0.224490
vt 0.850000 0.224490
vt 0.900000 0.224490
vt 0.950000 0.224490
vt 0.550000 0.244898
vt 0.500000 0.244898
vt 0.600000 0.244898
vt 0.650000 0.244898
vt 0.700000 0.244898
vt 0.750000 0.244898
vt 0.800000 0.244898
vt 0.850000 0.244898
vt 0.900000 0.244898
vt 0.950000 0.244898
vt 0.550000 0.265306
vt 0.500000 0.265306
vt 0.600000 0.265306
vt 0.650000 0.265306
vt 0.700000 0.265306
vt 0.750000 0.265306
vt 0.800000 0.265306
vt 0.850000 0.265306
vt 0.900000 0.265306
vt 0.950000 0.265306
vt 0.550000 0.285714
vt 0.500000 0.285714
vt 0.600000 0.285714
vt 0.650000 0.285714
vt 0.700000 0.285714
vt 0.750000 0.285714
vt 0.800000 0.285714
vt 0.850000 0.285714
vt 0.900000 0.285714
vt 0.950000 0.285714
vt 0.550000 0.306122
vt 0.500000 0.306122
vt 0.600000 0.306122
vt 0.650000 0.306122
vt 0.700000 0.306122
vt 0.750000 0.306122
vt 0.800000 0.306122
vt 0.850000 0.306122
vt 0.900000 0.306122
vt 0.950000 0.306122
vt 0.550000 0.326531
vt 0.500000 0.326531
vt 0.600000 0.326531
vt 0.650000 0.326531
vt 0.700000 0.326531
vt 0.750000 0.326531
vt 0.800000 0.326531
vt 0.850000 0.326531
vt 0.900000 0.326531
vt 0.950000 0.326531
vt 0.550000 0.346939
vt 0.500000 0.346939
vt 0.600000 0.346939
vt 0.650000 0.346939
vt 0.700000 0.346939
vt 0.750000 0.346939
vt 0.800000 0.346939
vt 0.850000 0.346939
vt 0.900000 0.346939
vt 0.950000 0.346939
vt 0.550000 0.367347
vt 0.500000 0.367347
vt 0.600000 0.367347
vt 0.650000 0.367347
vt 0.700000 0.367347
vt 0.750000 0.367347
vt 0.800000 0.367347
vt 0.850000 0.367347
vt 0.900000 0.367347
vt 0.950000 0.367347
vt 0.550000 0.387755
vt 0.500000 0.387755
vt 0.600000 0.387755
vt 0.650000 0.387755
vt 0.700000 0.387755
vt 0.750000 0.387755
vt 0.800000 0.387755
vt 0.850000 0.387755
vt 0.900000 0.387755
vt 0.950000 0.387755
vt 0.550000 0.408163
vt 0.500000 0.408163
vt 0.600000 0.408163
vt 0.650000 0.408163
vt 0.700000 0.408163
vt 0.750000 0.408163
vt 0.800000 0.408163
vt 0.850000 0.408163
vt 0.900000 0.408163
vt 0.950000 0.408163
vt 0.550000 0.428571
vt 0.500000 0.428571
vt 0.600000 0.428571
vt 0.650000 0.428571
vt 0.700000 0.428571
vt 0.750000 0.428571
vt 0.800000 0.428571
vt 0.850000 0.428571
vt 0.900000 0.428571
vt 0.950000 0.428571
vt 0.550000 0.448980
vt 0.500000 0.448980
vt 0.600000 0.448980
vt 0.650000 0.448980
vt 0.700000 0.448980
vt 0.750000 0.448980
vt 0.800000 0.448980
vt 0.850000 0.448980
vt 0.900000 0.448980
vt 0.950000 0.448980
vt 0.550000 0.469388
vt 0.500000 0.469388
vt 0.600000 0.469388
vt 0.650000 0.469388
vt 0.700000 0.469388
vt 0.750000 0.469388
vt 0.800000 0.469388
vt 0.850000 0.469388
vt 0.900000 0.469388
vt 0.950000 0.469388
vt 0.550000 0.489796
vt 0.500000 0.489796
vt 0.600000 0.489796
vt 0.650000 0.489796
vt 0.700000 0.489796
vt 0.750000 0.489796
vt 0.800000 0.489796
vt 0.850000 0.489796
vt 0.900000 0.489796
vt 0.950000 0.489796
vt 0.550000 0.510204
vt 0.500000 0.510204
vt 0.600000 0.510204
vt 0.650000 0.510204
vt 0.700000 0.510204
vt 0.750000 0.510204
vt 0.800000 0.510204
vt 0.850000 0.510204
vt 0.900000 0.510204
vt 0.950000 0.510204
vt 0.550000 0.530612
vt 0.500000 0.530612
vt 0.600000 0.530612
vt 0.650000 0.530612
vt 0.700000 0.530612
vt 0.750000 0.530612
vt 0.800000 0.530612
vt 0.850000 0.530612
vt 0.900000 0.530612
vt 0.950000 0.530612
vt 0.550000 0.551020
vt 0.500000 0.551020
vt 0.600000 0.551020
vt 0.650000 0.551020
vt 0.700000 0.551020
vt 0.750000 0.551020
vt 0.800000 0.551020
vt 0.850000 0.551020
vt 0.900000 0.551020
vt 0.950000 0.551020
vt 0.550000 0.571429
vt 0.500000 0.571429
vt 0.600000 0.571429
vt 0.650000 0.571429
vt 0.700000 0.571429
vt 0.750000 0.571429
vt 0.800000 0.571429
vt 0.850000 0.571429
vt 0.900000 0.571429
vt 0.950000 0.571429
vt 0.550000 0.591837
vt 0.500000 0.591837
vt 0.600000 0.591837
vt 0.650000 0.591837
vt 0.700000 0.591837
vt 0.750000 0.591837
vt 0.800000 0.591837
vt 0.850000 0.591837
vt 0.900000 0.591837
vt 0.950000 0.591837
vt 0.550000 0.612245
vt 0.500000 0.612245
vt 0.600000 0.612245
vt 0.650000 0.612245
vt 0.700000 0.612245
vt 0.750000 0.612245
vt 0.800000 0.612245
vt 0.850000 0.612245
vt 0.900000 0.612245
vt 0.950000 0.612245
vt 0.550000 0.632653
vt 0.500000 0.632653
vt 0.600000 0.632653
vt 0.650000 0.632653
vt 0.700000 0.632653
vt 0.750000 0.632653
vt 0.800000 0.632653
vt 0.850000 0.632653
vt 0.900000 0.632653
vt 0.950000 0.632653
vt 0.550000 0.653061
vt 0.500000 0.653061
vt 0.600000 0.653061
vt 0.650000 0.653061
vt 0.700000 0.653061
vt 0.750000 0.653061
vt 0.800000 0.653061
vt 0.850000 0.653061
vt 0.900000 0.653061
vt 0.950000 0.653061
vt 0.550000 0.673469
vt 0.500000 0.673469
vt 0.600000 0.673469
vt 0.650000 0.673469
vt 0.700000 0.673469
vt 0.750000 0.673469
vt 0.800000 0.673469
vt 0.850000 0.673469
vt 0.900000 0.673469
vt 0.950000 0.673469
vt 0.550000 0.693878
vt 0.500000 0.693878
vt 0.600000 0.693878
vt 0.650000 0.693878
vt 0.700000 0.693878
vt 0.750000 0.693878
vt 0.800000 0.693878
vt 0.850000 0.693878
vt 0.900000 0.693878
vt 0.950000 0.693878
vt 0.550000 0.714286
vt 0.500000 0.714286
vt 0.600000 0.714286
vt 0.650000 0.714286
vt 0.700000 0.714286
vt 0.750000 0.714286
vt 0.800000 0.714286
vt 0.850000 0.714286
vt 0.900000 0.714286
vt 0.950000 0.714286
vt 0.550000 0.734694
vt 0.500000 0.734694
vt 0.600000 0.734694
vt 0.650000 0.734694
vt 0.700000 0.734694
vt 0.750000 0.734694
vt 0.800000 0.734694
vt 0.850000 0.734694
vt 0.900000 0.734694
vt 0.950000 0.734694
vt 0.550000 0.755102
vt 0.500000 0.755102
vt 0.600000 0.755102
vt 0.650000 0.755102
vt 0.700000 0.755102
vt 0.750000 0.755102
vt 0.800000 0.755102
vt 0.850000 0.755102
vt 0.900000 0.755102
vt 0.950000 0.755102
vt 0.550000 0.775510
vt 0.500000 0.775510
vt 0.600000 0.775510
vt 0.650000 0.775510
vt 0.700000 0.775510
vt 0.750000 0.775510
vt 0.800000 0.775510
vt 0.850000 0.775510
vt 0.900000 0.775510
vt 0.950000 0.775510
vt 0.550000 0.795918
vt 0.500000 0.795918
vt 0.600000 0.795918
vt 0.650000 0.795918
vt 0.700000 0.795918
vt 0.750000 0.795918
vt 0.800000 0.795918
vt 0.850000 0.795918
vt 0.900000 0.795918
vt 0.950000 0.795918
vt 0.550000 0.816327
vt 0.500000 0.816327
vt 0.600000 0.816327
vt 0.650000 0.816327
vt 0.700000 0.816327
vt 0.750000 0.816327
vt 0.800000 0.816327
vt 0.850000 0.816327
vt 0.900000 0.816327
vt 0.950000 0.816327
vt 0.550000 0.836735
vt 0.500000 0.836735
vt 0.600000 0.836735
vt 0.650000 0.836735
vt 0.700000 0.836735
vt 0.750000 0.836735
vt 0.800000 0.836735
vt 0.850000 0.836735
vt 0.900000 0.836735
vt 0.950000 0.836735
vt 0.550000 0.857143
vt 0.500000 0.857143
vt 0.600000 0.857143
vt 0.650000 0.857143
vt 0.700000 0.857143
vt 0.750000 0.857143
vt 0.800000 0.857143
vt 0.850000 0.857143
vt 0.900000 0.857143
vt 0.950000 0.857143
vt 0.550000 0.877551
vt 0.500000 0.877551
vt 0.600000 0.877551
vt 0.650000 0.877551
vt 0.700000 0.877551
vt 0.750000 0.877551
vt 0.800000 0.877551
vt 0.850000 0.877551
vt 0.900000 0.877551
vt 0.950000 0.877551
vt 0.550000 0.897959
vt 0.500000 0.897959
vt 0.600000 0.897959
vt 0.650000 0.897959
vt 0.700000 0.897959
vt 0.750000 0.897959
vt 0.800000 0.897959
vt 0.850000 0.897959
vt 0.900000 0.897959
vt 0.950000 0.897959
vt 0.550000 0.918367
vt 0.500000 0.918367
vt 0.600000 0.918367
vt 0.650000 0.918367
vt 0.700000 0.918367
vt 0.750000 0.918367
vt 0.800000 0.918367
vt 0.850000 0.918367
vt 0.900000 0.918367
vt 0.950000 0.918367
vt 0.550000 0.938776
vt 0.500000 0.938776
vt 0.600000 0.938776
vt 0.650000 0.938776
vt 0.700000 0.938776
vt 0.750000 0.938776
vt 0.800000 0.938776
vt 0.850000 0.938776
vt 0.900000 0.938776
vt 0.950000 0.938776
vt 0.550000 0.959184
vt 0.500000 0.959184
vt 0.600000 0.959184
vt 0.650000 0.959184
vt 0.700000 0.959184
vt 0.750000 0.959184
vt 0.800000 0.959184
vt 0.850000 0.959184
vt 0.900000 0.959184
vt 0.950000 0.959184
vt 0.550000 0.979592
vt 0.500000 0.979592
vt 0.600000 0.979592
vt 0.650000 0.979592
vt 0.700000 0.979592
vt 0.750000 0.979592
vt 0.800000 0.979592
vt 0.850000 0.979592
vt 0.900000 0.979592
vt 0.950000 0.979592
vt 0.550000 1.000000
vt 0.500000 1.000000
vt 0.600000 1.000000
vt 0.650000 1.000000
vt 0.700000 1.000000
vt 0.750000 1.000000
vt 0.800000 1.000000
vt 0.850000 1.000000
vt 0.900000 1.000000
vt 0.950000 1.000000
s 1
usemtl FishingHookCombined
f 1/1/1 2/2/2 16/3/16 15/4/15
f 2/2/2 3/5/3 17/6/17 16/3/16
f 3/5/3 4/7/4 18/8/18 17/6/17
f 4/7/4 5/9/5 19/10/19 18/8/18
f 5/9/5 6/11/6 20/12/20 19/10/19
f 6/11/6 7/13/7 21/14/21 20/12/20
f 7/13/7 8/15/8 22/16/22 21/14/21
f 8/15/8 9/17/9 23/18/23 22/16/22
f 9/17/9 10/19/10 24/20/24 23/18/23
f 10/19/10 11/21/11 25/22/25 24/20/24
f 11/21/11 12/23/12 26/24/26 25/22/25
f 12/23/12 13/25/13 27/26/27 26/24/26
f 13/25/13 14/27/14 28/28/28 27/26/27
f 14/27/14 1/1/1 15/4/15 28/28/28
f 15/4/15 16/3/16 30/29/16 29/30/15
f 16/3/16 17/6/17 31/31/17 30/29/16
f 17/6/17 18/8/18 32/32/18 31/31/17
f 18/8/18 19/10/19 33/33/19 32/32/18
f 19/10/19 20/12/20 34/34/20 33/33/19
f 20/12/20 21/14/21 35/35/21 34/34/20
f 21/14/21 22/16/22 36/36/22 35/35/21
f 22/16/22 23/18/23 37/37/23 36/36/22
f 23/18/23 24/20/24 38/38/24 37/37/23
f 24/20/24 25/22/25 39/39/25 38/38/24
f 25/22/25 26/24/26 40/40/26 39/39/25
f 26/24/26 27/26/27 41/41/27 40/40/26
f 27/26/27 28/28/28 42/42/28 41/41/27
f 28/28/28 15/4/15 29/30/15 42/42/28
f 29/30/15 30/29/16 44/43/16 43/44/15
f 30/29/16 31/31/17 45/45/17 44/43/16
f 31/31/17 32/32/18 46/46/18 45/45/17
f 32/32/18 33/33/19 47/47/19 46/46/18
f 33/33/19 34/34/20 48/48/20 47/47/19
f 34/34/20 35/35/21 49/49/21 48/48/20
f 35/35/21 36/36/22 50/50/22 49/49/21
f 36/36/22 37/37/23 51/51/23 50/50/22
f 37/37/23 38/38/24 52/52/24 51/51/23
f 38/38/24 39/39/25 53/53/25 52/52/24
f 39/39/25 40/40/26 54/54/26 53/53/25
f 40/40/26 41/41/27 55/55/27 54/54/26
f 41/41/27 42/42/28 56/56/28 55/55/27
f 42/42/28 29/30/15 43/44/15 56/56/28
f 43/44/15 44/43/16 58/57/16 57/58/15
f 44/43/16 45/45/17 59/59/17 58/57/16
f 45/45/17 46/46/18 60/60/18 59/59/17
f 46/46/18 47/47/19 61/61/19 60/60/18
f 47/47/19 48/48/20 62/62/20 61/61/19
f 48/48/20 49/49/21 63/63/21 62/62/20
f 49/49/21 50/50/22 64/64/22 63/63/21
f 50/50/22 51/51/23 65/65/23 64/64/22
f 51/51/23 52/52/24 66/66/24 65/65/23
f 52/52/24 53/53/25 67/67/25 66/66/24
f 53/53/25 54/54/26 68/68/26 67/67/25
f 54/54/26 55/55/27 69/69/27 68/68/26
f 55/55/27 56/56/28 70/70/28 69/69/27
f 56/56/28 43/44/15 57/58/15 70/70/28
f 57/58/15 58/57/16 72/71/16 71/72/15
f 58/57/16 59/59/17 73/73/17 72/71/16
f 59/59/17 60/60/18 74/74/18 73/73/17
f 60/60/18 61/61/19 75/75/19 74/74/18
f 61/61/19 62/62/20 76/76/20 75/75/19
f 62/62/20 63/63/21 77/77/21 76/76/20
f 63/63/21 64/64/22 78/78/22 77/77/21
f 64/64/22 65/65/23 79/79/23 78/78/22
f 65/65/23 66/66/24 80/80/24 79/79/23
f 66/66/24 67/67/25 81/81/25 80/80/24
f 67/67/25 68/68/26 82/82/26 81/81/25
f 68/68/26 69/69/27 83/83/27 82/82/26
f 69/69/27 70/70/28 84/84/28 83/83/27
f 70/70/28 57/58/15 71/72/15 84/84/28
f 71/72/15 72/71/16 86/85/16 85/86/15
f 72/71/16 73/73/17 87/87/17 86/85/16
f 73/73/17 74/74/18 88/88/18 87/87/17
f 74/74/18 75/75/19 89/89/19 88/88/18
f 75/75/19 76/76/20 90/90/20 89/89/19
f 76/76/20 77/77/21 91/91/21 90/90/20
f 77/77/21 78/78/22 92/92/22 91/91/21
f 78/78/22 79/79/23 93/93/23 92/92/22
f 79/79/23 80/80/24 94/94/24 93/93/23
f 80/80/24 81/81/25 95/95/25 94/94/24
f 81/81/25 82/82/26 96/96/26 95/95/25
f 82/82/26 83/83/27 97/97/27 96/96/26
f 83/83/27 84/84/28 98/98/28 97/97/27
f 84/84/28 71/72/15 85/86/15 98/98/28
f 85/86/15 86/85/16 100/99/16 99/100/15
f 86/85/16 87/87/17 101/101/17 100/99/16
f 87/87/17 88/88/18 102/102/18 101/101/17
f 88/88/18 89/89/19 103/103/19 102/102/18
f 89/89/19 90/90/20 104/104/20 103/103/19
f 90/90/20 91/91/21 105/105/21 104/104/20
f 91/91/21 92/92/22 106/106/22 105/105/21
f 92/92/22 93/93/23 107/107/23 106/106/22
f 93/93/23 94/94/24 108/108/24 107/107/23
f 94/94/24 95/95/25 109/109/25 108/108/24
f 95/95/25 96/96/26 110/110/26 109/109/25
f 96/96/26 97/97/27 111/111/27 110/110/26
f 97/97/27 98/98/28 112/112/28 111/111/27
f 98/98/28 85/86/15 99/100/15 112/112/28
f 99/100/15 100/99/16 114/113/16 113/114/15
f 100/99/16 101/101/17 115/115/17 114/113/16
f 101/101/17 102/102/18 116/116/18 115/115/17
f 102/102/18 103/103/19 117/117/19 116/116/18
f 103/103/19 104/104/20 118/118/20 117/117/19
f 104/104/20 105/105/21 119/119/21 118/118/20
f 105/105/21 106/106/22 120/120/22 119/119/21
f 106/106/22 107/107/23 121/121/23 120/120/22
f 107/107/23 108/108/24 122/122/24 121/121/23
f 108/108/24 109/109/25 123/123/25 122/122/24
f 109/109/25 110/110/26 124/124/26 123/123/25
f 110/110/26 111/111/27 125/125/27 124/124/26
f 111/111/27 112/112/28 126/126/28 125/125/27
f 112/112/28 99/100/15 113/114/15 126/126/28
f 113/114/15 114/113/16 128/127/16 127/128/15
f 114/113/16 115/115/17 129/129/17 128/127/16
f 115/115/17 116/116/18 130/130/18 129/129/17
f 116/116/18 117/117/19 131/131/19 130/130/18
f 117/117/19 118/118/20 132/132/20 131/131/19
f 118/118/20 119/119/21 133/133/21 132/132/20
f 119/119/21 120/120/22 134/134/22 133/133/21
f 120/120/22 121/121/23 135/135/23 134/134/22
f 121/121/23 122/122/24 136/136/24 135/135/23
f 122/122/24 123/123/25 137/137/25 136/136/24
f 123/123/25 124/124/26 138/138/26 137/137/25
f 124/124/26 125/125/27 139/139/27 138/138/26
f 125/125/27 126/126/28 140/140/28 139/139/27
f 126/126/28 113/114/15 127/128/15 140/140/28
f 127/128/15 128/127/16 142/141/16 141/142/15
f 128/127/16 129/129/17 143/143/17 142/141/16
f 129/129/17 130/130/18 144/144/18 143/143/17
f 130/130/18 131/131/19 145/145/19 144/144/18
f 131/131/19 132/132/20 146/146/20 145/145/19
f 132/132/20 133/133/21 147/147/21 146/146/20
f 133/133/21 134/134/22 148/148/22 147/147/21
f 134/134/22 135/135/23 149/149/23 148/148/22
f 135/135/23 136/136/24 150/150/24 149/149/23
f 136/136/24 137/137/25 151/151/25 150/150/24
f 137/137/25 138/138/26 152/152/26 151/151/25
f 138/138/26 139/139/27 153/153/27 152/152/26
f 139/139/27 140/140/28 154/154/28 153/153/27
f 140/140/28 127/128/15 141/142/15 154/154/28
f 141/142/15 142/141/16 156/155/16 155/156/15
f 142/141/16 143/143/17 157/157/17 156/155/16
f 143/143/17 144/144/18 158/158/18 157/157/17
f 144/144/18 145/145/19 159/159/19 158/158/18
f 145/145/19 146/146/20 160/160/20 159/159/19
f 146/146/20 147/147/21 161/161/21 160/160/20
f 147/147/21 148/148/22 162/162/22 161/161/21
f 148/148/22 149/149/23 163/163/23 162/162/22
f 149/149/23 150/150/24 164/164/24 163/163/23
f 150/150/24 151/151/25 165/165/25 164/164/24
f 151/151/25 152/152/26 166/166/26 165/165/25
f 152/152/26 153/153/27 167/167/27 166/166/26
f 153/153/27 154/154/28 168/168/28 167/167/27
f 154/154/28 141/142/15 155/156/15 168/168/28
f 155/156/15 156/155/16 170/169/16 169/170/15
f 156/155/16 157/157/17 171/171/17 170/169/16
f 157/157/17 158/158/18 172/172/18 171/171/17
f 158/158/18 159/159/19 173/173/19 172/172/18
f 159/159/19 160/160/20 174/174/20 173/173/19
f 160/160/20 161/161/21 175/175/21 174/174/20
f 161/161/21 162/162/22 176/176/22 175/175/21
f 162/162/22 163/163/23 177/177/23 176/176/22
f 163/163/23 164/164/24 178/178/24 177/177/23
f 164/164/24 165/165/25 179/179/25 178/178/24
f 165/165/25 166/166/26 180/180/26 179/179/25
f 166/166/26 167/167/27 181/181/27 180/180/26
f 167/167/27 168/168/28 182/182/28 181/181/27
f 168/168/28 155/156/15 169/170/15 182/182/28
f 169/170/15 170/169/16 184/183/16 183/184/15
f 170/169/16 171/171/17 185/185/17 184/183/16
f 171/171/17 172/172/18 186/186/18 185/185/17
f 172/172/18 173/173/19 187/187/19 186/186/18
f 173/173/19 174/174/20 188/188/20 187/187/19
f 174/174/20 175/175/21 189/189/21 188/188/20
f 175/175/21 176/176/22 190/190/22 189/189/21
f 176/176/22 177/177/23 191/191/23 190/190/22
f 177/177/23 178/178/24 192/192/24 191/191/23
f 178/178/24 179/179/25 193/193/25 192/192/24
f 179/179/25 180/180/26 194/194/26 193/193/25
f 180/180/26 181/181/27 195/195/27 194/194/26
f 181/181/27 182/182/28 196/196/28 195/195/27
f 182/182/28 169/170/15 183/184/15 196/196/28
f 183/184/15 184/183/16 198/197/16 197/198/15
f 184/183/16 185/185/17 199/199/17 198/197/16
f 185/185/17 186/186/18 200/200/18 199/199/17
f 186/186/18 187/187/19 201/201/19 200/200/18
f 187/187/19 188/188/20 202/202/20 201/201/19
f 188/188/20 189/189/21 203/203/21 202/202/20
f 189/189/21 190/190/22 204/204/22 203/203/21
f 190/190/22 191/191/23 205/205/23 204/204/22
f 191/191/23 192/192/24 206/206/24 205/205/23
f 192/192/24 193/193/25 207/207/25 206/206/24
f 193/193/25 194/194/26 208/208/26 207/207/25
f 194/194/26 195/195/27 209/209/27 208/208/26
f 195/195/27 196/196/28 210/210/28 209/209/27
f 196/196/28 183/184/15 197/198/15 210/210/28
f 197/198/15 198/197/16 212/211/16 211/212/15
f 198/197/16 199/199/17 213/213/17 212/211/16
f 199/199/17 200/200/18 214/214/18 213/213/17
f 200/200/18 201/201/19 215/215/19 214/214/18
f 201/201/19 202/202/20 216/216/20 215/215/19
f 202/202/20 203/203/21 217/217/21 216/216/20
f 203/203/21 204/204/22 218/218/22 217/217/21
f 204/204/22 205/205/23 219/219/23 218/218/22
f 205/205/23 206/206/24 220/220/24 219/219/23
f 206/206/24 207/207/25 221/221/25 220/220/24
f 207/207/25 208/208/26 222/222/26 221/221/25
f 208/208/26 209/209/27 223/223/27 222/222/26
f 209/209/27 210/210/28 224/224/28 223/223/27
f 210/210/28 197/198/15 211/212/15 224/224/28
f 211/212/15 212/211/16 226/225/16 225/226/15
f 212/211/16 213/213/17 227/227/17 226/225/16
f 213/213/17 214/214/18 228/228/18 227/227/17
f 214/214/18 215/215/19 229/229/19 228/228/18
f 215/215/19 216/216/20 230/230/20 229/229/19
f 216/216/20 217/217/21 231/231/21 230/230/20
f 217/217/21 218/218/22 232/232/22 231/231/21
f 218/218/22 219/219/23 233/233/23 232/232/22
f 219/219/23 220/220/24 234/234/24 233/233/23
f 220/220/24 221/221/25 235/235/25 234/234/24
f 221/221/25 222/222/26 236/236/26 235/235/25
f 222/222/26 223/223/27 237/237/27 236/236/26
f 223/223/27 224/224/28 238/238/28 237/237/27
f 224/224/28 211/212/15 225/226/15 238/238/28
f 225/226/15 226/225/16 240/239/16 239/240/15
f 226/225/16 227/227/17 241/241/17 240/239/16
f 227/227/17 228/228/18 242/242/18 241/241/17
f 228/228/18 229/229/19 243/243/19 242/242/18
f 229/229/19 230/230/20 244/244/20 243/243/19
f 230/230/20 231/231/21 245/245/21 244/244/20
f 231/231/21 232/232/22 246/246/22 245/245/21
f 232/232/22 233/233/23 247/247/23 246/246/22
f 233/233/23 234/234/24 248/248/24 247/247/23
f 234/234/24 235/235/25 249/249/25 248/248/24
f 235/235/25 236/236/26 250/250/26 249/249/25
f 236/236/26 237/237/27 251/251/27 250/250/26
f 237/237/27 238/238/28 252/252/28 251/251/27
f 238/238/28 225/226/15 239/240/15 252/252/28
f 239/240/15 240/239/16 254/253/16 253/254/15
f 240/239/16 241/241/17 255/255/17 254/253/16
f 241/241/17 242/242/18 256/256/18 255/255/17
f 242/242/18 243/243/19 257/257/19 256/256/18
f 243/243/19 244/244/20 258/258/20 257/257/19
f 244/244/20 245/245/21 259/259/21 258/258/20
f 245/245/21 246/246/22 260/260/22 259/259/21
f 246/246/22 247/247/23 261/261/23 260/260/22
f 247/247/23 248/248/24 262/262/24 261/261/23
f 248/248/24 249/249/25 263/263/25 262/262/24
f 249/249/25 250/250/26 264/264/26 263/263/25
f 250/250/26 251/251/27 265/265/27 264/264/26
f 251/251/27 252/252/28 266/266/28 265/265/27
f 252/252/28 239/240/15 253/254/15 266/266/28
f 253/254/15 254/253/16 268/267/16 267/268/15
f 254/253/16 255/255/17 269/269/17 268/267/16
f 255/255/17 256/256/18 270/270/18 269/269/17
f 256/256/18 257/257/19 271/271/19 270/270/18
f 257/257/19 258/258/20 272/272/20 271/271/19
f 258/258/20 259/259/21 273/273/21 272/272/20
f 259/259/21 260/260/22 274/274/22 273/273/21
f 260/260/22 261/261/23 275/275/23 274/274/22
f 261/261/23 262/262/24 276/276/24 275/275/23
f 262/262/24 263/263/25 277/277/25 276/276/24
f 263/263/25 264/264/26 278/278/26 277/277/25
f 264/264/26 265/265/27 279/279/27 278/278/26
f 265/265/27 266/266/28 280/280/28 279/279/27
f 266/266/28 253/254/15 267/268/15 280/280/28
f 267/268/15 268/267/16 282/281/16 281/282/15
f 268/267/16 269/269/17 283/283/17 282/281/16
f 269/269/17 270/270/18 284/284/18 283/283/17
f 270/270/18 271/271/19 285/285/19 284/284/18
f 271/271/19 272/272/20 286/286/20 285/285/19
f 272/272/20 273/273/21 287/287/21 286/286/20
f 273/273/21 274/274/22 288/288/22 287/287/21
f 274/274/22 275/275/23 289/289/23 288/288/22
f 275/275/23 276/276/24 290/290/24 289/289/23
f 276/276/24 277/277/25 291/291/25 290/290/24
f 277/277/25 278/278/26 292/292/26 291/291/25
f 278/278/26 279/279/27 293/293/27 292/292/26
f 279/279/27 280/280/28 294/294/28 293/293/27
f 280/280/28 267/268/15 281/282/15 294/294/28
f 281/282/15 282/281/16 296/295/30 295/296/29
f 282/281/16 283/283/17 297/297/31 296/295/30
f 283/283/17 284/284/18 298/298/32 297/297/31
f 284/284/18 285/285/19 299/299/33 298/298/32
f 285/285/19 286/286/20 300/300/34 299/299/33
f 286/286/20 287/287/21 301/301/35 300/300/34
f 287/287/21 288/288/22 302/302/36 301/301/35
f 288/288/22 289/289/23 303/303/37 302/302/36
f 289/289/23 290/290/24 304/304/38 303/303/37
f 290/290/24 291/291/25 305/305/39 304/304/38
f 291/291/25 292/292/26 306/306/40 305/305/39
f 292/292/26 293/293/27 307/307/41 306/306/40
f 293/293/27 294/294/28 308/308/42 307/307/41
f 294/294/28 281/282/15 295/296/29 308/308/42
f 295/296/29 296/295/30 310/309/44 309/310/43
f 296/295/30 297/297/31 311/311/45 310/309/44
f 297/297/31 298/298/32 312/312/46 311/311/45
f 298/298/32 299/299/33 313/313/47 312/312/46
f 299/299/33 300/300/34 314/314/48 313/313/47
f 300/300/34 301/301/35 315/315/49 314/314/48
f 301/301/35 302/302/36 316/316/50 315/315/49
f 302/302/36 303/303/37 317/317/51 316/316/50
f 303/303/37 304/304/38 318/318/52 317/317/51
f 304/304/38 305/305/39 319/319/53 318/318/52
f 305/305/39 306/306/40 320/320/54 319/319/53
f 306/306/40 307/307/41 321/321/55 320/320/54
f 307/307/41 308/308/42 322/322/56 321/321/55
f 308/308/42 295/296/29 309/310/43 322/322/56
f 309/310/43 310/309/44 324/323/58 323/324/57
f 310/309/44 311/311/45 325/325/59 324/323/58
f 311/311/45 312/312/46 326/326/60 325/325/59
f 312/312/46 313/313/47 327/327/61 326/326/60
f 313/313/47 314/314/48 328/328/62 327/327/61
f 314/314/48 315/315/49 329/329/63 328/328/62
f 315/315/49 316/316/50 330/330/64 329/329/63
f 316/316/50 317/317/51 331/331/65 330/330/64
f 317/317/51 318/318/52 332/332/66 331/331/65
f 318/318/52 319/319/53 333/333/67 332/332/66
f 319/319/53 320/320/54 334/334/68 333/333/67
f 320/320/54 321/321/55 335/335/69 334/334/68
f 321/321/55 322/322/56 336/336/70 335/335/69
f 322/322/56 309/310/43 323/324/57 336/336/70
f 323/324/57 324/323/58 338/337/72 337/338/71
f 324/323/58 325/325/59 339/339/73 338/337/72
f 325/325/59 326/326/60 340/340/74 339/339/73
f 326/326/60 327/327/61 341/341/75 340/340/74
f 327/327/61 328/328/62 342/342/76 341/341/75
f 328/328/62 329/329/63 343/343/77 342/342/76
f 329/329/63 330/330/64 344/344/78 343/343/77
f 330/330/64 331/331/65 345/345/79 344/344/78
f 331/331/65 332/332/66 346/346/80 345/345/79
f 332/332/66 333/333/67 347/347/81 346/346/80
f 333/333/67 334/334/68 348/348/82 347/347/81
f 334/334/68 335/335/69 349/349/83 348/348/82
f 335/335/69 336/336/70 350/350/84 349/349/83
f 336/336/70 323/324/57 337/338/71 350/350/84
f 337/338/71 338/337/72 352/351/86 351/352/85
f 338/337/72 339/339/73 353/353/87 352/351/86
f 339/339/73 340/340/74 354/354/88 353/353/87
f 340/340/74 341/341/75 355/355/89 354/354/88
f 341/341/75 342/342/76 356/356/90 355/355/89
f 342/342/76 343/343/77 357/357/91 356/356/90
f 343/343/77 344/344/78 358/358/92 357/357/91
f 344/344/78 345/345/79 359/359/93 358/358/92
f 345/345/79 346/346/80 360/360/94 359/359/93
f 346/346/80 347/347/81 361/361/95 360/360/94
f 347/347/81 348/348/82 362/362/96 361/361/95
f 348/348/82 349/349/83 363/363/97 362/362/96
f 349/349/83 350/350/84 364/364/98 363/363/97
f 350/350/84 337/338/71 351/352/85 364/364/98
f 351/352/85 352/351/86 366/365/100 365/366/99
f 352/351/86 353/353/87 367/367/101 366/365/100
f 353/353/87 354/354/88 368/368/102 367/367/101
f 354/354/88 355/355/89 369/369/103 368/368/102
f 355/355/89 356/356/90 370/370/104 369/369/103
f 356/356/90 357/357/91 371/371/105 370/370/104
f 357/357/91 358/358/92 372/372/106 371/371/105
f 358/358/92 359/359/93 373/373/107 372/372/106
f 359/359/93 360/360/94 374/374/108 373/373/107
f 360/360/94 361/361/95 375/375/109 374/374/108
f 361/361/95 362/362/96 376/376/110 375/375/109
f 362/362/96 363/363/97 377/377/111 376/376/110
f 363/363/97 364/364/98 378/378/112 377/377/111
f 364/364/98 351/352/85 365/366/99 378/378/112
f 365/366/99 366/365/100 380/379/114 379/380/113
f 366/365/100 367/367/101 381/381/115 380/379/114
f 367/367/101 368/368/102 382/382/116 381/381/115
f 368/368/102 369/369/103 383/383/117 382/382/116
f 369/369/103 370/370/104 384/384/118 383/383/117
f 370/370/104 371/371/105 385/385/119 384/384/118
f 371/371/105 372/372/106 386/386/120 385/385/119
f 372/372/106 373/373/107 387/387/121 386/386/120
f 373/373/107 374/374/108 388/388/122 387/387/121
f 374/374/108 375/375/109 389/389/123 388/388/122
f 375/375/109 376/376/110 390/390/124 389/389/123
f 376/376/110 377/377/111 391/391/125 390/390/124
f 377/377/111 378/378/112 392/392/126 391/391/125
f 378/378/112 365/366/99 379/380/113 392/392/126
f 379/380/113 380/379/114 394/393/128 393/394/127
f 380/379/114 381/381/115 395/395/129 394/393/128
f 381/381/115 382/382/116 396/396/130 395/395/129
f 382/382/116 383/383/117 397/397/131 396/396/130
f 383/383/117 384/384/118 398/398/132 397/397/131
f 384/384/118 385/385/119 399/399/133 398/398/132
f 385/385/119 386/386/120 400/400/134 399/399/133
f 386/386/120 387/387/121 401/401/135 400/400/134
f 387/387/121 388/388/122 402/402/136 401/401/135
f 388/388/122 389/389/123 403/403/137 402/402/136
f 389/389/123 390/390/124 404/404/138 403/403/137
f 390/390/124 391/391/125 405/405/139 404/404/138
f 391/391/125 392/392/126 406/406/140 405/405/139
f 392/392/126 379/380/113 393/394/127 406/406/140
f 393/394/127 394/393/128 408/407/142 407/408/141
f 394/393/128 395/395/129 409/409/143 408/407/142
f 395/395/129 396/396/130 410/410/144 409/409/143
f 396/396/130 397/397/131 411/411/145 410/410/144
f 397/397/131 398/398/132 412/412/146 411/411/145
f 398/398/132 399/399/133 413/413/147 412/412/146
f 399/399/133 400/400/134 414/414/148 413/413/147
f 400/400/134 401/401/135 415/415/149 414/414/148
f 401/401/135 402/402/136 416/416/150 415/415/149
f 402/402/136 403/403/137 417/417/151 416/416/150
f 403/403/137 404/404/138 418/418/152 417/417/151
f 404/404/138 405/405/139 419/419/153 418/418/152
f 405/405/139 406/406/140 420/420/154 419/419/153
f 406/406/140 393/394/127 407/408/141 420/420/154
f 407/408/141 408/407/142 422/421/156 421/422/155
f 408/407/142 409/409/143 423/423/157 422/421/156
f 409/409/143 410/410/144 424/424/158 423/423/157
f 410/410/144 411/411/145 425/425/159 424/424/158
f 411/411/145 412/412/146 426/426/160 425/425/159
f 412/412/146 413/413/147 427/427/161 426/426/160
f 413/413/147 414/414/148 428/428/162 427/427/161
f 414/414/148 415/415/149 429/429/163 428/428/162
f 415/415/149 416/416/150 430/430/164 429/429/163
f 416/416/150 417/417/151 431/431/165 430/430/164
f 417/417/151 418/418/152 432/432/166 431/431/165
f 418/418/152 419/419/153 433/433/167 432/432/166
f 419/419/153 420/420/154 434/434/168 433/433/167
f 420/420/154 407/408/141 421/422/155 434/434/168
f 421/422/155 422/421/156 436/435/170 435/436/169
f 422/421/156 423/423/157 437/437/171 436/435/170
f 423/423/157 424/424/158 438/438/172 437/437/171
f 424/424/158 425/425/159 439/439/173 438/438/172
f 425/425/159 426/426/160 440/440/174 439/439/173
f 426/426/160 427/427/161 441/441/175 440/440/174
f 427/427/161 428/428/162 442/442/176 441/441/175
f 428/428/162 429/429/163 443/443/177 442/442/176
f 429/429/163 430/430/164 444/444/178 443/443/177
f 430/430/164 431/431/165 445/445/179 444/444/178
f 431/431/165 432/432/166 446/446/180 445/445/179
f 432/432/166 433/433/167 447/447/181 446/446/180
f 433/433/167 434/434/168 448/448/182 447/447/181
f 434/434/168 421/422/155 435/436/169 448/448/182
f 435/436/169 436/435/170 450/449/184 449/450/183
f 436/435/170 437/437/171 451/451/185 450/449/184
f 437/437/171 438/438/172 452/452/186 451/451/185
f 438/438/172 439/439/173 453/453/187 452/452/186
f 439/439/173 440/440/174 454/454/188 453/453/187
f 440/440/174 441/441/175 455/455/189 454/454/188
f 441/441/175 442/442/176 456/456/190 455/455/189
f 442/442/176 443/443/177 457/457/191 456/456/190
f 443/443/177 444/444/178 458/458/192 457/457/191
f 444/444/178 445/445/179 459/459/193 458/458/192
f 445/445/179 446/446/180 460/460/194 459/459/193
f 446/446/180 447/447/181 461/461/195 460/460/194
f 447/447/181 448/448/182 462/462/196 461/461/195
f 448/448/182 435/436/169 449/450/183 462/462/196
f 449/450/183 450/449/184 464/463/198 463/464/197
f 450/449/184 451/451/185 465/465/199 464/463/198
f 451/451/185 452/452/186 466/466/200 465/465/199
f 452/452/186 453/453/187 467/467/201 466/466/200
f 453/453/187 454/454/188 468/468/202 467/467/201
f 454/454/188 455/455/189 469/469/203 468/468/202
f 455/455/189 456/456/190 470/470/204 469/469/203
f 456/456/190 457/457/191 471/471/205 470/470/204
f 457/457/191 458/458/192 472/472/206 471/471/205
f 458/458/192 459/459/193 473/473/207 472/472/206
f 459/459/193 460/460/194 474/474/208 473/473/207
f 460/460/194 461/461/195 475/475/209 474/474/208
f 461/461/195 462/462/196 476/476/210 475/475/209
f 462/462/196 449/450/183 463/464/197 476/476/210
f 463/464/197 464/463/198 478/477/212 477/478/211
f 464/463/198 465/465/199 479/479/213 478/477/212
f 465/465/199 466/466/200 480/480/214 479/479/213
f 466/466/200 467/467/201 481/481/215 480/480/214
f 467/467/201 468/468/202 482/482/216 481/481/215
f 468/468/202 469/469/203 483/483/217 482/482/216
f 469/469/203 470/470/204 484/484/218 483/483/217
f 470/470/204 471/471/205 485/485/219 484/484/218
f 471/471/205 472/472/206 486/486/220 485/485/219
f 472/472/206 473/473/207 487/487/221 486/486/220
f 473/473/207 474/474/208 488/488/222 487/487/221
f 474/474/208 475/475/209 489/489/223 488/488/222
f 475/475/209 476/476/210 490/490/224 489/489/223
f 476/476/210 463/464/197 477/478/211 490/490/224
f 477/478/211 478/477/212 492/491/226 491/492/225
f 478/477/212 479/479/213 493/493/227 492/491/226
f 479/479/213 480/480/214 494/494/228 493/493/227
f 480/480/214 481/481/215 495/495/229 494/494/228
f 481/481/215 482/482/216 496/496/230 495/495/229
f 482/482/216 483/483/217 497/497/231 496/496/230
f 483/483/217 484/484/218 498/498/232 497/497/231
f 484/484/218 485/485/219 499/499/233 498/498/232
f 485/485/219 486/486/220 500/500/234 499/499/233
f 486/486/220 487/487/221 501/501/235 500/500/234
f 487/487/221 488/488/222 502/502/236 501/501/235
f 488/488/222 489/489/223 503/503/237 502/502/236
f 489/489/223 490/490/224 504/504/238 503/503/237
f 490/490/224 477/478/211 491/492/225 504/504/238
f 491/492/225 492/491/226 506/505/240 505/506/239
f 492/491/226 493/493/227 507/507/241 506/505/240
f 493/493/227 494/494/228 508/508/242 507/507/241
f 494/494/228 495/495/229 509/509/243 508/508/242
f 495/495/229 496/496/230 510/510/244 509/509/243
f 496/496/230 497/497/231 511/511/245 510/510/244
f 497/497/231 498/498/232 512/512/246 511/511/245
f 498/498/232 499/499/233 513/513/247 512/512/246
f 499/499/233 500/500/234 514/514/248 513/513/247
f 500/500/234 501/501/235 515/515/249 514/514/248
f 501/501/235 502/502/236 516/516/250 515/515/249
f 502/502/236 503/503/237 517/517/251 516/516/250
f 503/503/237 504/504/238 518/518/252 517/517/251
f 504/504/238 491/492/225 505/506/239 518/518/252
f 505/506/239 506/505/240 520/519/254 519/520/253
f 506/505/240 507/507/241 521/521/255 520/519/254
f 507/507/241 508/508/242 522/522/256 521/521/255
f 508/508/242 509/509/243 523/523/257 522/522/256
f 509/509/243 510/510/244 524/524/258 523/523/257
f 510/510/244 511/511/245 525/525/259 524/524/258
f 511/511/245 512/512/246 526/526/260 525/525/259
f 512/512/246 513/513/247 527/527/261 526/526/260
f 513/513/247 514/514/248 528/528/262 527/527/261
f 514/514/248 515/515/249 529/529/263 528/528/262
f 515/515/249 516/516/250 530/530/264 529/529/263
f 516/516/250 517/517/251 531/531/265 530/530/264
f 517/517/251 518/518/252 532/532/266 531/531/265
f 518/518/252 505/506/239 519/520/253 532/532/266
f 519/520/253 520/519/254 534/533/268 533/534/267
f 520/519/254 521/521/255 535/535/269 534/533/268
f 521/521/255 522/522/256 536/536/270 535/535/269
f 522/522/256 523/523/257 537/537/271 536/536/270
f 523/523/257 524/524/258 538/538/272 537/537/271
f 524/524/258 525/525/259 539/539/273 538/538/272
f 525/525/259 526/526/260 540/540/274 539/539/273
f 526/526/260 527/527/261 541/541/275 540/540/274
f 527/527/261 528/528/262 542/542/276 541/541/275
f 528/528/262 529/529/263 543/543/277 542/542/276
f 529/529/263 530/530/264 544/544/278 543/543/277
f 530/530/264 531/531/265 545/545/279 544/544/278
f 531/531/265 532/532/266 546/546/280 545/545/279
f 532/532/266 519/520/253 533/534/267 546/546/280
f 533/534/267 534/533/268 548/547/282 547/548/281
f 534/533/268 535/535/269 549/549/283 548/547/282
f 535/535/269 536/536/270 550/550/284 549/549/283
f 536/536/270 537/537/271 551/551/285 550/550/284
f 537/537/271 538/538/272 552/552/286 551/551/285
f 538/538/272 539/539/273 553/553/287 552/552/286
f 539/539/273 540/540/274 554/554/288 553/553/287
f 540/540/274 541/541/275 555/555/289 554/554/288
f 541/541/275 542/542/276 556/556/290 555/555/289
f 542/542/276 543/543/277 557/557/291 556/556/290
f 543/543/277 544/544/278 558/558/292 557/557/291
f 544/544/278 545/545/279 559/559/293 558/558/292
f 545/545/279 546/546/280 560/560/294 559/559/293
f 546/546/280 533/534/267 547/548/281 560/560/294
f 547/548/281 548/547/282 562/561/296 561/562/295
f 548/547/282 549/549/283 563/563/297 562/561/296
f 549/549/283 550/550/284 564/564/298 563/563/297
f 550/550/284 551/551/285 565/565/299 564/564/298
f 551/551/285 552/552/286 566/566/300 565/565/299
f 552/552/286 553/553/287 567/567/301 566/566/300
f 553/553/287 554/554/288 568/568/302 567/567/301
f 554/554/288 555/555/289 569/569/303 568/568/302
f 555/555/289 556/556/290 570/570/304 569/569/303
f 556/556/290 557/557/291 571/571/305 570/570/304
f 557/557/291 558/558/292 572/572/306 571/571/305
f 558/558/292 559/559/293 573/573/307 572/572/306
f 559/559/293 560/560/294 574/574/308 573/573/307
f 560/560/294 547/548/281 561/562/295 574/574/308
f 561/562/295 562/561/296 576/575/310 575/576/309
f 562/561/296 563/563/297 577/577/311 576/575/310
f 563/563/297 564/564/298 578/578/312 577/577/311
f 564/564/298 565/565/299 579/579/313 578/578/312
f 565/565/299 566/566/300 580/580/314 579/579/313
f 566/566/300 567/567/301 581/581/315 580/580/314
f 567/567/301 568/568/302 582/582/316 581/581/315
f 568/568/302 569/569/303 583/583/317 582/582/316
f 569/569/303 570/570/304 584/584/318 583/583/317
f 570/570/304 571/571/305 585/585/319 584/584/318
f 571/571/305 572/572/306 586/586/320 585/585/319
f 572/572/306 573/573/307 587/587/321 586/586/320
f 573/573/307 574/574/308 588/588/322 587/587/321
f 574/574/308 561/562/295 575/576/309 588/588/322
f 575/576/309 576/575/310 590/589/324 589/590/323
f 576/575/310 577/577/311 591/591/325 590/589/324
f 577/577/311 578/578/312 592/592/326 591/591/325
f 578/578/312 579/579/313 593/593/327 592/592/326
f 579/579/313 580/580/314 594/594/328 593/593/327
f 580/580/314 581/581/315 595/595/329 594/594/328
f 581/581/315 582/582/316 596/596/330 595/595/329
f 582/582/316 583/583/317 597/597/331 596/596/330
f 583/583/317 584/584/318 598/598/332 597/597/331
f 584/584/318 585/585/319 599/599/333 598/598/332
f 585/585/319 586/586/320 600/600/334 599/599/333
f 586/586/320 587/587/321 601/601/335 600/600/334
f 587/587/321 588/588/322 602/602/336 601/601/335
f 588/588/322 575/576/309 589/590/323 602/602/336
f 589/590/323 590/589/324 604/603/338 603/604/337
f 590/589/324 591/591/325 605/605/339 604/603/338
f 591/591/325 592/592/326 606/606/340 605/605/339
f 592/592/326 593/593/327 607/607/341 606/606/340
f 593/593/327 594/594/328 608/608/342 607/607/341
f 594/594/328 595/595/329 609/609/343 608/608/342
f 595/595/329 596/596/330 610/610/344 609/609/343
f 596/596/330 597/597/331 611/611/345 610/610/344
f 597/597/331 598/598/332 612/612/346 611/611/345
f 598/598/332 599/599/333 613/613/347 612/612/346
f 599/599/333 600/600/334 614/614/348 613/613/347
f 600/600/334 601/601/335 615/615/349 614/614/348
f 601/601/335 602/602/336 616/616/350 615/615/349
f 602/602/336 589/590/323 603/604/337 616/616/350
f 603/604/337 604/603/338 618/617/352 617/618/351
f 604/603/338 605/605/339 619/619/353 618/617/352
f 605/605/339 606/606/340 620/620/354 619/619/353
f 606/606/340 607/607/341 621/621/355 620/620/354
f 607/607/341 608/608/342 622/622/356 621/621/355
f 608/608/342 609/609/343 623/623/357 622/622/356
f 609/609/343 610/610/344 624/624/358 623/623/357
f 610/610/344 611/611/345 625/625/359 624/624/358
f 611/611/345 612/612/346 626/626/360 625/625/359
f 612/612/346 613/613/347 627/627/361 626/626/360
f 613/613/347 614/614/348 628/628/362 627/627/361
f 614/614/348 615/615/349 629/629/363 628/628/362
f 615/615/349 616/616/350 630/630/364 629/629/363
f 616/616/350 603/604/337 617/618/351 630/630/364
f 617/618/351 618/617/352 632/631/366 631/632/365
f 618/617/352 619/619/353 633/633/367 632/631/366
f 619/619/353 620/620/354 634/634/368 633/633/367
f 620/620/354 621/621/355 635/635/369 634/634/368
f 621/621/355 622/622/356 636/636/370 635/635/369
f 622/622/356 623/623/357 637/637/371 636/636/370
f 623/623/357 624/624/358 638/638/372 637/637/371
f 624/624/358 625/625/359 639/639/373 638/638/372
f 625/625/359 626/626/360 640/640/374 639/639/373
f 626/626/360 627/627/361 641/641/375 640/640/374
f 627/627/361 628/628/362 642/642/376 641/641/375
f 628/628/362 629/629/363 643/643/377 642/642/376
f 629/629/363 630/630/364 644/644/378 643/643/377
f 630/630/364 617/618/351 631/632/365 644/644/378
f 631/632/365 632/631/366 646/645/380 645/646/379
f 632/631/366 633/633/367 647/647/381 646/645/380
f 633/633/367 634/634/368 648/648/382 647/647/381
f 634/634/368 635/635/369 649/649/383 648/648/382
f 635/635/369 636/636/370 650/650/384 649/649/383
f 636/636/370 637/637/371 651/651/385 650/650/384
f 637/637/371 638/638/372 652/652/386 651/651/385
f 638/638/372 639/639/373 653/653/387 652/652/386
f 639/639/373 640/640/374 654/654/388 653/653/387
f 640/640/374 641/641/375 655/655/389 654/654/388
f 641/641/375 642/642/376 656/656/390 655/655/389
f 642/642/376 643/643/377 657/657/391 656/656/390
f 643/643/377 644/644/378 658/658/392 657/657/391
f 644/644/378 631/632/365 645/646/379 658/658/392
f 645/646/379 646/645/380 660/659/394 659/660/393
f 646/645/380 647/647/381 661/661/395 660/659/394
f 647/647/381 648/648/382 662/662/396 661/661/395
f 648/648/382 649/649/383 663/663/397 662/662/396
f 649/649/383 650/650/384 664/664/398 663/663/397
f 650/650/384 651/651/385 665/665/399 664/664/398
f 651/651/385 652/652/386 666/666/400 665/665/399
f 652/652/386 653/653/387 667/667/401 666/666/400
f 653/653/387 654/654/388 668/668/402 667/667/401
f 654/654/388 655/655/389 669/669/403 668/668/402
f 655/655/389 656/656/390 670/670/404 669/669/403
f 656/656/390 657/657/391 671/671/405 670/670/404
f 657/657/391 658/658/392 672/672/406 671/671/405
f 658/658/392 645/646/379 659/660/393 672/672/406
f 659/660/393 660/659/394 674/673/408 673/674/407
f 660/659/394 661/661/395 675/675/409 674/673/408
f 661/661/395 662/662/396 676/676/410 675/675/409
f 662/662/396 663/663/397 677/677/411 676/676/410
f 663/663/397 664/664/398 678/678/412 677/677/411
f 664/664/398 665/665/399 679/679/413 678/678/412
f 665/665/399 666/666/400 680/680/414 679/679/413
f 666/666/400 667/667/401 681/681/415 680/680/414
f 667/667/401 668/668/402 682/682/416 681/681/415
f 668/668/402 669/669/403 683/683/417 682/682/416
f 669/669/403 670/670/404 684/684/418 683/683/417
f 670/670/404 671/671/405 685/685/419 684/684/418
f 671/671/405 672/672/406 686/686/420 685/685/419
f 672/672/406 659/660/393 673/674/407 686/686/420
f 673/674/407 674/673/408 688/687/422 687/688/421
f 674/673/408 675/675/409 689/689/423 688/687/422
f 675/675/409 676/676/410 690/690/424 689/689/423
f 676/676/410 677/677/411 691/691/425 690/690/424
f 677/677/411 678/678/412 692/692/426 691/691/425
f 678/678/412 679/679/413 693/693/427 692/692/426
f 679/679/413 680/680/414 694/694/428 693/693/427
f 680/680/414 681/681/415 695/695/429 694/694/428
f 681/681/415 682/682/416 696/696/430 695/695/429
f 682/682/416 683/683/417 697/697/431 696/696/430
f 683/683/417 684/684/418 698/698/432 697/697/431
f 684/684/418 685/685/419 699/699/433 698/698/432
f 685/685/419 686/686/420 700/700/434 699/699/433
f 686/686/420 673/674/407 687/688/421 700/700/434
f 687/688/421 688/687/422 702/701/436 701/702/435
f 688/687/422 689/689/423 703/703/437 702/701/436
f 689/689/423 690/690/424 704/704/438 703/703/437
f 690/690/424 691/691/425 705/705/439 704/704/438
f 691/691/425 692/692/426 706/706/440 705/705/439
f 692/692/426 693/693/427 707/707/441 706/706/440
f 693/693/427 694/694/428 708/708/442 707/707/441
f 694/694/428 695/695/429 709/709/443 708/708/442
f 695/695/429 696/696/430 710/710/444 709/709/443
f 696/696/430 697/697/431 711/711/445 710/710/444
f 697/697/431 698/698/432 712/712/446 711/711/445
f 698/698/432 699/699/433 713/713/447 712/712/446
f 699/699/433 700/700/434 714/714/448 713/713/447
f 700/700/434 687/688/421 701/702/435 714/714/448
f 701/702/435 702/701/436 716/715/450 715/716/449
f 702/701/436 703/703/437 717/717/451 716/715/450
f 703/703/437 704/704/438 718/718/452 717/717/451
f 704/704/438 705/705/439 719/719/453 718/718/452
f 705/705/439 706/706/440 720/720/454 719/719/453
f 706/706/440 707/707/441 721/721/455 720/720/454
f 707/707/441 708/708/442 722/722/456 721/721/455
f 708/708/442 709/709/443 723/723/457 722/722/456
f 709/709/443 710/710/444 724/724/458 723/723/457
f 710/710/444 711/711/445 725/725/459 724/724/458
f 711/711/445 712/712/446 726/726/460 725/725/459
f 712/712/446 713/713/447 727/727/461 726/726/460
f 713/713/447 714/714/448 728/728/462 727/727/461
f 714/714/448 701/702/435 715/716/449 728/728/462
f 715/716/449 716/715/450 730/729/463 729/730/449
f 716/715/450 717/717/451 731/731/464 730/729/463
f 717/717/451 718/718/452 732/732/465 731/731/464
f 718/718/452 719/719/453 733/733/466 732/732/465
f 719/719/453 720/720/454 734/734/467 733/733/466
f 720/720/454 721/721/455 735/735/468 734/734/467
f 721/721/455 722/722/456 736/736/456 735/735/468
f 722/722/456 723/723/457 737/737/469 736/736/456
f 723/723/457 724/724/458 738/738/470 737/737/469
f 724/724/458 725/725/459 739/739/471 738/738/470
f 725/725/459 726/726/460 740/740/472 739/739/471
f 726/726/460 727/727/461 741/741/473 740/740/472
f 727/727/461 728/728/462 742/742/474 741/741/473
f 728/728/462 715/716/449 729/730/449 742/742/474
f 729/730/449 730/729/463 744/743/475 743/744/449
f 730/729/463 731/731/464 745/745/476 744/743/475
f 731/731/464 732/732/465 746/746/477 745/745/476
f 732/732/465 733/733/466 747/747/478 746/746/477
f 733/733/466 734/734/467 748/748/479 747/747/478
f 734/734/467 735/735/468 749/749/480 748/748/479
f 735/735/468 736/736/456 750/750/456 749/749/480
f 736/736/456 737/737/469 751/751/481 750/750/456
f 737/737/469 738/738/470 752/752/482 751/751/481
f 738/738/470 739/739/471 753/753/483 752/752/482
f 739/739/471 740/740/472 754/754/484 753/753/483
f 740/740/472 741/741/473 755/755/485 754/754/484
f 741/741/473 742/742/474 756/756/486 755/755/485
f 742/742/474 729/730/449 743/744/449 756/756/486
f 743/744/449 744/743/475 758/757/487 757/758/449
f 744/743/475 745/745/476 759/759/488 758/757/487
f 745/745/476 746/746/477 760/760/489 759/759/488
f 746/746/477 747/747/478 761/761/490 760/760/489
f 747/747/478 748/748/479 762/762/491 761/761/490
f 748/748/479 749/749/480 763/763/492 762/762/491
f 749/749/480 750/750/456 764/764/456 763/763/492
f 750/750/456 751/751/481 765/765/493 764/764/456
f 751/751/481 752/752/482 766/766/494 765/765/493
f 752/752/482 753/753/483 767/767/495 766/766/494
f 753/753/483 754/754/484 768/768/496 767/767/495
f 754/754/484 755/755/485 769/769/497 768/768/496
f 755/755/485 756/756/486 770/770/498 769/769/497
f 756/756/486 743/744/449 757/758/449 770/770/498
f 757/758/449 758/757/487 772/771/499 771/772/449
f 758/757/487 759/759/488 773/773/500 772/771/499
f 759/759/488 760/760/489 774/774/501 773/773/500
f 760/760/489 761/761/490 775/775/502 774/774/501
f 761/761/490 762/762/491 776/776/503 775/775/502
f 762/762/491 763/763/492 777/777/504 776/776/503
f 763/763/492 764/764/456 778/778/456 777/777/504
f 764/764/456 765/765/493 779/779/505 778/778/456
f 765/765/493 766/766/494 780/780/506 779/779/505
f 766/766/494 767/767/495 781/781/507 780/780/506
f 767/767/495 768/768/496 782/782/508 781/781/507
f 768/768/496 769/769/497 783/783/509 782/782/508
f 769/769/497 770/770/498 784/784/510 783/783/509
f 770/770/498 757/758/449 771/772/449 784/784/510
f 771/772/449 772/771/499 786/785/511 785/786/449
f 772/771/499 773/773/500 787/787/512 786/785/511
f 773/773/500 774/774/501 788/788/513 787/787/512
f 774/774/501 775/775/502 789/789/514 788/788/513
f 775/775/502 776/776/503 790/790/515 789/789/514
f 776/776/503 777/777/504 791/791/516 790/790/515
f 777/777/504 778/778/456 792/792/456 791/791/516
f 778/778/456 779/779/505 793/793/517 792/792/456
f 779/779/505 780/780/506 794/794/518 793/793/517
f 780/780/506 781/781/507 795/795/519 794/794/518
f 781/781/507 782/782/508 796/796/520 795/795/519
f 782/782/508 783/783/509 797/797/521 796/796/520
f 783/783/509 784/784/510 798/798/522 797/797/521
f 784/784/510 771/772/449 785/786/449 798/798/522
f 785/786/449 786/785/511 800/799/524 799/800/523
f 786/785/511 787/787/512 801/801/525 800/799/524
f 787/787/512 788/788/513 802/802/526 801/801/525
f 788/788/513 789/789/514 803/803/527 802/802/526
f 789/789/514 790/790/515 804/804/528 803/803/527
f 790/790/515 791/791/516 805/805/529 804/804/528
f 791/791/516 792/792/456 806/806/530 805/805/529
f 792/792/456 793/793/517 807/807/531 806/806/530
f 793/793/517 794/794/518 808/808/532 807/807/531
f 794/794/518 795/795/519 809/809/533 808/808/532
f 795/795/519 796/796/520 810/810/534 809/809/533
f 796/796/520 797/797/521 811/811/535 810/810/534
f 797/797/521 798/798/522 812/812/536 811/811/535
f 798/798/522 785/786/449 799/800/523 812/812/536
f 799/800/523 800/799/524 814/813/537 813/814/523
f 800/799/524 801/801/525 815/815/538 814/813/537
f 801/801/525 802/802/526 816/816/539 815/815/538
f 802/802/526 803/803/527 817/817/540 816/816/539
f 803/803/527 804/804/528 818/818/541 817/817/540
f 804/804/528 805/805/529 819/819/542 818/818/541
f 805/805/529 806/806/530 820/820/530 819/819/542
f 806/806/530 807/807/531 821/821/543 820/820/530
f 807/807/531 808/808/532 822/822/544 821/821/543
f 808/808/532 809/809/533 823/823/545 822/822/544
f 809/809/533 810/810/534 824/824/546 823/823/545
f 810/810/534 811/811/535 825/825/547 824/824/546
f 811/811/535 812/812/536 826/826/548 825/825/547
f 812/812/536 799/800/523 813/814/523 826/826/548
f 813/814/523 814/813/537 828/827/550 827/828/549
f 814/813/537 815/815/538 829/829/551 828/827/550
f 815/815/538 816/816/539 830/830/552 829/829/551
f 816/816/539 817/817/540 831/831/553 830/830/552
f 817/817/540 818/818/541 832/832/554 831/831/553
f 818/818/541 819/819/542 833/833/555 832/832/554
f 819/819/542 820/820/530 834/834/556 833/833/555
f 820/820/530 821/821/543 835/835/557 834/834/556
f 821/821/543 822/822/544 836/836/558 835/835/557
f 822/822/544 823/823/545 837/837/559 836/836/558
f 823/823/545 824/824/546 838/838/560 837/837/559
f 824/824/546 825/825/547 839/839/561 838/838/560
f 825/825/547 826/826/548 840/840/562 839/839/561
f 826/826/548 813/814/523 827/828/549 840/840/562
f 827/828/549 828/827/550 842/841/563 841/842/549
f 828/827/550 829/829/551 843/843/564 842/841/563
f 829/829/551 830/830/552 844/844/565 843/843/564
f 830/830/552 831/831/553 845/845/566 844/844/565
f 831/831/553 832/832/554 846/846/567 845/845/566
f 832/832/554 833/833/555 847/847/568 846/846/567
f 833/833/555 834/834/556 848/848/556 847/847/568
f 834/834/556 835/835/557 849/849/569 848/848/556
f 835/835/557 836/836/558 850/850/570 849/849/569
f 836/836/558 837/837/559 851/851/571 850/850/570
f 837/837/559 838/838/560 852/852/572 851/851/571
f 838/838/560 839/839/561 853/853/573 852/852/572
f 839/839/561 840/840/562 854/854/574 853/853/573
f 840/840/562 827/828/549 841/842/549 854/854/574
f 841/842/549 842/841/563 856/855/575 855/856/549
f 842/841/563 843/843/564 857/857/576 856/855/575
f 843/843/564 844/844/565 858/858/577 857/857/576
f 844/844/565 845/845/566 859/859/578 858/858/577
f 845/845/566 846/846/567 860/860/579 859/859/578
f 846/846/567 847/847/568 861/861/580 860/860/579
f 847/847/568 848/848/556 862/862/556 861/861/580
f 848/848/556 849/849/569 863/863/581 862/862/556
f 849/849/569 850/850/570 864/864/582 863/863/581
f 850/850/570 851/851/571 865/865/583 864/864/582
f 851/851/571 852/852/572 866/866/584 865/865/583
f 852/852/572 853/853/573 867/867/585 866/866/584
f 853/853/573 854/854/574 868/868/586 867/867/585
f 854/854/574 841/842/549 855/856/549 868/868/586
f 855/856/549 856/855/575 870/869/587 869/870/549
f 856/855/575 857/857/576 871/871/588 870/869/587
f 857/857/576 858/858/577 872/872/589 871/871/588
f 858/858/577 859/859/578 873/873/590 872/872/589
f 859/859/578 860/860/579 874/874/591 873/873/590
f 860/860/579 861/861/580 875/875/592 874/874/591
f 861/861/580 862/862/556 876/876/556 875/875/592
f 862/862/556 863/863/581 877/877/593 876/876/556
f 863/863/581 864/864/582 878/878/594 877/877/593
f 864/864/582 865/865/583 879/879/595 878/878/594
f 865/865/583 866/866/584 880/880/596 879/879/595
f 866/866/584 867/867/585 881/881/597 880/880/596
f 867/867/585 868/868/586 882/882/598 881/881/597
f 868/868/586 855/856/549 869/870/549 882/882/598
f 869/870/549 870/869/587 884/883/600 883/884/599
f 870/869/587 871/871/588 885/885/601 884/883/600
f 871/871/588 872/872/589 886/886/602 885/885/601
f 872/872/589 873/873/590 887/887/603 886/886/602
f 873/873/590 874/874/591 888/888/604 887/887/603
f 874/874/591 875/875/592 889/889/605 888/888/604
f 875/875/592 876/876/556 890/890/606 889/889/605
f 876/876/556 877/877/593 891/891/607 890/890/606
f 877/877/593 878/878/594 892/892/608 891/891/607
f 878/878/594 879/879/595 893/893/609 892/892/608
f 879/879/595 880/880/596 894/894/610 893/893/609
f 880/880/596 881/881/597 895/895/611 894/894/610
f 881/881/597 882/882/598 896/896/612 895/895/611
f 882/882/598 869/870/549 883/884/599 896/896/612
f 883/884/599 884/883/600 898/897/614 897/898/613
f 884/883/600 885/885/601 899/899/615 898/897/614
f 885/885/601 886/886/602 900/900/616 899/899/615
f 886/886/602 887/887/603 901/901/617 900/900/616
f 887/887/603 888/888/604 902/902/618 901/901/617
f 888/888/604 889/889/605 903/903/619 902/902/618
f 889/889/605 890/890/606 904/904/620 903/903/619
f 890/890/606 891/891/607 905/905/621 904/904/620
f 891/891/607 892/892/608 906/906/622 905/905/621
f 892/892/608 893/893/609 907/907/623 906/906/622
f 893/893/609 894/894/610 908/908/624 907/907/623
f 894/894/610 895/895/611 909/909/625 908/908/624
f 895/895/611 896/896/612 910/910/626 909/909/625
f 896/896/612 883/884/599 897/898/613 910/910/626
f 897/898/613 898/897/614 912/911/628 911/912/627
f 898/897/614 899/899/615 913/913/629 912/911/628
f 899/899/615 900/900/616 914/914/630 913/913/629
f 900/900/616 901/901/617 915/915/631 914/914/630
f 901/901/617 902/902/618 916/916/632 915/915/631
f 902/902/618 903/903/619 917/917/633 916/916/632
f 903/903/619 904/904/620 918/918/634 917/917/633
f 904/904/620 905/905/621 919/919/635 918/918/634
f 905/905/621 906/906/622 920/920/636 919/919/635
f 906/906/622 907/907/623 921/921/637 920/920/636
f 907/907/623 908/908/624 922/922/638 921/921/637
f 908/908/624 909/909/625 923/923/639 922/922/638
f 909/909/625 910/910/626 924/924/640 923/923/639
f 910/910/626 897/898/613 911/912/627 924/924/640
f 911/912/627 912/911/628 926/925/642 925/926/641
f 912/911/628 913/913/629 927/927/643 926/925/642
f 913/913/629 914/914/630 928/928/644 927/927/643
f 914/914/630 915/915/631 929/929/645 928/928/644
f 915/915/631 916/916/632 930/930/646 929/929/645
f 916/916/632 917/917/633 931/931/647 930/930/646
f 917/917/633 918/918/634 932/932/648 931/931/647
f 918/918/634 919/919/635 933/933/649 932/932/648
f 919/919/635 920/920/636 934/934/650 933/933/649
f 920/920/636 921/921/637 935/935/651 934/934/650
f 921/921/637 922/922/638 936/936/652 935/935/651
f 922/922/638 923/923/639 937/937/653 936/936/652
f 923/923/639 924/924/640 938/938/654 937/937/653
f 924/924/640 911/912/627 925/926/641 938/938/654
f 925/926/641 926/925/642 940/939/656 939/940/655
f 926/925/642 927/927/643 941/941/657 940/939/656
f 927/927/643 928/928/644 942/942/658 941/941/657
f 928/928/644 929/929/645 943/943/659 942/942/658
f 929/929/645 930/930/646 944/944/660 943/943/659
f 930/930/646 931/931/647 945/945/661 944/944/660
f 931/931/647 932/932/648 946/946/662 945/945/661
f 932/932/648 933/933/649 947/947/663 946/946/662
f 933/933/649 934/934/650 948/948/664 947/947/663
f 934/934/650 935/935/651 949/949/665 948/948/664
f 935/935/651 936/936/652 950/950/666 949/949/665
f 936/936/652 937/937/653 951/951/667 950/950/666
f 937/937/653 938/938/654 952/952/668 951/951/667
f 938/938/654 925/926/641 939/940/655 952/952/668
f 939/940/655 940/939/656 954/953/670 953/954/669
f 940/939/656 941/941/657 955/955/671 954/953/670
f 941/941/657 942/942/658 956/956/672 955/955/671
f 942/942/658 943/943/659 957/957/673 956/956/672
f 943/943/659 944/944/660 958/958/674 957/957/673
f 944/944/660 945/945/661 959/959/675 958/958/674
f 945/945/661 946/946/662 960/960/676 959/959/675
f 946/946/662 947/947/663 961/961/677 960/960/676
f 947/947/663 948/948/664 962/962/678 961/961/677
f 948/948/664 949/949/665 963/963/679 962/962/678
f 949/949/665 950/950/666 964/964/680 963/963/679
f 950/950/666 951/951/667 965/965/681 964/964/680
f 951/951/667 952/952/668 966/966/682 965/965/681
f 952/952/668 939/940/655 953/954/669 966/966/682
f 953/954/669 954/953/670 968/967/684 967/968/683
f 954/953/670 955/955/671 969/969/685 968/967/684
f 955/955/671 956/956/672 970/970/686 969/969/685
f 956/956/672 957/957/673 971/971/687 970/970/686
f 957/957/673 958/958/674 972/972/688 971/971/687
f 958/958/674 959/959/675 973/973/689 972/972/688
f 959/959/675 960/960/676 974/974/690 973/973/689
f 960/960/676 961/961/677 975/975/691 974/974/690
f 961/961/677 962/962/678 976/976/692 975/975/691
f 962/962/678 963/963/679 977/977/693 976/976/692
f 963/963/679 964/964/680 978/978/694 977/977/693
f 964/964/680 965/965/681 979/979/695 978/978/694
f 965/965/681 966/966/682 980/980/696 979/979/695
f 966/966/682 953/954/669 967/968/683 980/980/696
f 967/968/683 968/967/684 982/981/698 981/982/697
f 968/967/684 969/969/685 983/983/699 982/981/698
f 969/969/685 970/970/686 984/984/700 983/983/699
f 970/970/686 971/971/687 985/985/701 984/984/700
f 971/971/687 972/972/688 986/986/702 985/985/701
f 972/972/688 973/973/689 987/987/703 986/986/702
f 973/973/689 974/974/690 988/988/704 987/987/703
f 974/974/690 975/975/691 989/989/705 988/988/704
f 975/975/691 976/976/692 990/990/706 989/989/705
f 976/976/692 977/977/693 991/991/707 990/990/706
f 977/977/693 978/978/694 992/992/708 991/991/707
f 978/978/694 979/979/695 993/993/709 992/992/708
f 979/979/695 980/980/696 994/994/710 993/993/709
f 980/980/696 967/968/683 981/982/697 994/994/710
f 981/982/697 982/981/698 996/995/712 995/996/711
f 982/981/698 983/983/699 997/997/713 996/995/712
f 983/983/699 984/984/700 998/998/714 997/997/713
f 984/984/700 985/985/701 999/999/715 998/998/714
f 985/985/701 986/986/702 1000/1000/716 999/999/715
f 986/986/702 987/987/703 1001/1001/717 1000/1000/716
f 987/987/703 988/988/704 1002/1002/718 1001/1001/717
f 988/988/704 989/989/705 1003/1003/719 1002/1002/718
f 989/989/705 990/990/706 1004/1004/720 1003/1003/719
f 990/990/706 991/991/707 1005/1005/721 1004/1004/720
f 991/991/707 992/992/708 1006/1006/722 1005/1005/721
f 992/992/708 993/993/709 1007/1007/723 1006/1006/722
f 993/993/709 994/994/710 1008/1008/724 1007/1007/723
f 994/994/710 981/982/697 995/996/711 1008/1008/724
f 995/996/711 996/995/712 1010/1009/726 1009/1010/725
f 996/995/712 997/997/713 1011/1011/727 1010/1009/726
f 997/997/713 998/998/714 1012/1012/728 1011/1011/727
f 998/998/714 999/999/715 1013/1013/729 1012/1012/728
f 999/999/715 1000/1000/716 1014/1014/730 1013/1013/729
f 1000/1000/716 1001/1001/717 1015/1015/731 1014/1014/730
f 1001/1001/717 1002/1002/718 1016/1016/732 1015/1015/731
f 1002/1002/718 1003/1003/719 1017/1017/733 1016/1016/732
f 1003/1003/719 1004/1004/720 1018/1018/734 1017/1017/733
f 1004/1004/720 1005/1005/721 1019/1019/735 1018/1018/734
f 1005/1005/721 1006/1006/722 1020/1020/736 1019/1019/735
f 1006/1006/722 1007/1007/723 1021/1021/737 1020/1020/736
f 1007/1007/723 1008/1008/724 1022/1022/738 1021/1021/737
f 1008/1008/724 995/996/711 1009/1010/725 1022/1022/738
f 1009/1010/725 1010/1009/726 1024/1023/740 1023/1024/739
f 1010/1009/726 1011/1011/727 1025/1025/741 1024/1023/740
f 1011/1011/727 1012/1012/728 1026/1026/742 1025/1025/741
f 1012/1012/728 1013/1013/729 1027/1027/743 1026/1026/742
f 1013/1013/729 1014/1014/730 1028/1028/744 1027/1027/743
f 1014/1014/730 1015/1015/731 1029/1029/745 1028/1028/744
f 1015/1015/731 1016/1016/732 1030/1030/746 1029/1029/745
f 1016/1016/732 1017/1017/733 1031/1031/747 1030/1030/746
f 1017/1017/733 1018/1018/734 1032/1032/748 1031/1031/747
f 1018/1018/734 1019/1019/735 1033/1033/749 1032/1032/748
f 1019/1019/735 1020/1020/736 1034/1034/750 1033/1033/749
f 1020/1020/736 1021/1021/737 1035/1035/751 1034/1034/750
f 1021/1021/737 1022/1022/738 1036/1036/752 1035/1035/751
f 1022/1022/738 1009/1010/725 1023/1024/739 1036/1036/752
f 1023/1024/739 1024/1023/740 1038/1037/754 1037/1038/753
f 1024/1023/740 1025/1025/741 1039/1039/755 1038/1037/754
f 1025/1025/741 1026/1026/742 1040/1040/756 1039/1039/755
f 1026/1026/742 1027/1027/743 1041/1041/757 1040/1040/756
f 1027/1027/743 1028/1028/744 1042/1042/758 1041/1041/757
f 1028/1028/744 1029/1029/745 1043/1043/759 1042/1042/758
f 1029/1029/745 1030/1030/746 1044/1044/760 1043/1043/759
f 1030/1030/746 1031/1031/747 1045/1045/761 1044/1044/760
f 1031/1031/747 1032/1032/748 1046/1046/762 1045/1045/761
f 1032/1032/748 1033/1033/749 1047/1047/763 1046/1046/762
f 1033/1033/749 1034/1034/750 1048/1048/764 1047/1047/763
f 1034/1034/750 1035/1035/751 1049/1049/765 1048/1048/764
f 1035/1035/751 1036/1036/752 1050/1050/766 1049/1049/765
f 1036/1036/752 1023/1024/739 1037/1038/753 1050/1050/766
f 1051/15/767 2/2/2 1/1/1
f 1052/1044/768 1037/1038/753 1038/1037/754
f 1051/15/767 3/5/3 2/2/2
f 1052/1044/768 1038/1037/754 1039/1039/755
f 1051/15/767 4/7/4 3/5/3
f 1052/1044/768 1039/1039/755 1040/1040/756
f 1051/15/767 5/9/5 4/7/4
f 1052/1044/768 1040/1040/756 1041/1041/757
f 1051/15/767 6/11/6 5/9/5
f 1052/1044/768 1041/1041/757 1042/1042/758
f 1051/15/767 7/13/7 6/11/6
f 1052/1044/768 1042/1042/758 1043/1043/759
f 1051/15/767 8/15/8 7/13/7
f 1052/1044/768 1043/1043/759 1044/1044/760
f 1051/15/767 9/17/9 8/15/8
f 1052/1044/768 1044/1044/760 1045/1045/761
f 1051/15/767 10/19/10 9/17/9
f 1052/1044/768 1045/1045/761 1046/1046/762
f 1051/15/767 11/21/11 10/19/10
f 1052/1044/768 1046/1046/762 1047/1047/763
f 1051/15/767 12/23/12 11/21/11
f 1052/1044/768 1047/1047/763 1048/1048/764
f 1051/15/767 13/25/13 12/23/12
f 1052/1044/768 1048/1048/764 1049/1049/765
f 1051/15/767 14/27/14 13/25/13
f 1052/1044/768 1049/1049/765 1050/1050/766
f 1051/15/767 1/1/1 14/27/14
f 1052/1044/768 1050/1050/766 1037/1038/753
f 1053/1/769 1065/1051/781 1066/1052/782 1054/1053/770
f 1054/1053/770 1066/1052/782 1067/1054/783 1055/1055/771
f 1055/1055/771 1067/1054/783 1068/1056/784 1056/1057/772
f 1056/1057/772 1068/1056/784 1069/1058/785 1057/1059/773
f 1057/1059/773 1069/1058/785 1070/1060/786 1058/1061/774
f 1058/1061/774 1070/1060/786 1071/1062/787 1059/520/775
f 1059/520/775 1071/1062/787 1072/1063/788 1060/1064/776
f 1060/1064/776 1072/1063/788 1073/1065/789 1061/1066/777
f 1061/1066/777 1073/1065/789 1074/1067/790 1062/1068/778
f 1062/1068/778 1074/1067/790 1075/1069/791 1063/1070/779
f 1063/1070/779 1075/1069/791 1076/1071/792 1064/1072/780
f 1064/1072/780 1076/1071/792 1065/1051/781 1053/1/769
f 1065/1051/781 1077/1073/793 1078/1074/794 1066/1052/782
f 1066/1052/782 1078/1074/794 1079/1075/795 1067/1054/783
f 1067/1054/783 1079/1075/795 1080/1076/796 1068/1056/784
f 1068/1056/784 1080/1076/796 1081/1077/797 1069/1058/785
f 1069/1058/785 1081/1077/797 1082/1078/798 1070/1060/786
f 1070/1060/786 1082/1078/798 1083/1079/799 1071/1062/787
f 1071/1062/787 1083/1079/799 1084/1080/800 1072/1063/788
f 1072/1063/788 1084/1080/800 1085/1081/801 1073/1065/789
f 1073/1065/789 1085/1081/801 1086/1082/802 1074/1067/790
f 1074/1067/790 1086/1082/802 1087/1083/803 1075/1069/791
f 1075/1069/791 1087/1083/803 1088/1084/804 1076/1071/792
f 1076/1071/792 1088/1084/804 1077/1073/793 1065/1051/781
f 1077/1073/793 1089/1085/805 1090/1086/806 1078/1074/794
f 1078/1074/794 1090/1086/806 1091/1087/807 1079/1075/795
f 1079/1075/795 1091/1087/807 1092/1088/808 1080/1076/796
f 1080/1076/796 1092/1088/808 1093/1089/809 1081/1077/797
f 1081/1077/797 1093/1089/809 1094/1090/810 1082/1078/798
f 1082/1078/798 1094/1090/810 1095/1091/811 1083/1079/799
f 1083/1079/799 1095/1091/811 1096/1092/812 1084/1080/800
f 1084/1080/800 1096/1092/812 1097/1093/813 1085/1081/801
f 1085/1081/801 1097/1093/813 1098/1094/814 1086/1082/802
f 1086/1082/802 1098/1094/814 1099/1095/815 1087/1083/803
f 1087/1083/803 1099/1095/815 1100/1096/816 1088/1084/804
f 1088/1084/804 1100/1096/816 1089/1085/805 1077/1073/793
f 1089/1085/805 1101/1097/817 1102/1098/818 1090/1086/806
f 1090/1086/806 1102/1098/818 1103/1099/819 1091/1087/807
f 1091/1087/807 1103/1099/819 1104/1100/820 1092/1088/808
f 1092/1088/808 1104/1100/820 1105/1101/821 1093/1089/809
f 1093/1089/809 1105/1101/821 1106/1102/822 1094/1090/810
f 1094/1090/810 1106/1102/822 1107/1103/823 1095/1091/811
f 1095/1091/811 1107/1103/823 1108/1104/824 1096/1092/812
f 1096/1092/812 1108/1104/824 1109/1105/825 1097/1093/813
f 1097/1093/813 1109/1105/825 1110/1106/826 1098/1094/814
f 1098/1094/814 1110/1106/826 1111/1107/827 1099/1095/815
f 1099/1095/815 1111/1107/827 1112/1108/828 1100/1096/816
f 1100/1096/816 1112/1108/828 1101/1097/817 1089/1085/805
f 1101/1097/817 1113/1109/829 1114/1110/830 1102/1098/818
f 1102/1098/818 1114/1110/830 1115/1111/831 1103/1099/819
f 1103/1099/819 1115/1111/831 1116/1112/832 1104/1100/820
f 1104/1100/820 1116/1112/832 1117/1113/833 1105/1101/821
f 1105/1101/821 1117/1113/833 1118/1114/834 1106/1102/822
f 1106/1102/822 1118/1114/834 1119/1115/835 1107/1103/823
f 1107/1103/823 1119/1115/835 1120/1116/836 1108/1104/824
f 1108/1104/824 1120/1116/836 1121/1117/837 1109/1105/825
f 1109/1105/825 1121/1117/837 1122/1118/838 1110/1106/826
f 1110/1106/826 1122/1118/838 1123/1119/839 1111/1107/827
f 1111/1107/827 1123/1119/839 1124/1120/840 1112/1108/828
f 1112/1108/828 1124/1120/840 1113/1109/829 1101/1097/817
f 1113/1109/829 1125/1121/841 1126/1122/842 1114/1110/830
f 1114/1110/830 1126/1122/842 1127/1123/843 1115/1111/831
f 1115/1111/831 1127/1123/843 1128/1124/844 1116/1112/832
f 1116/1112/832 1128/1124/844 1129/1125/845 1117/1113/833
f 1117/1113/833 1129/1125/845 1130/1126/846 1118/1114/834
f 1118/1114/834 1130/1126/846 1131/1127/847 1119/1115/835
f 1119/1115/835 1131/1127/847 1132/1128/848 1120/1116/836
f 1120/1116/836 1132/1128/848 1133/1129/849 1121/1117/837
f 1121/1117/837 1133/1129/849 1134/1130/850 1122/1118/838
f 1122/1118/838 1134/1130/850 1135/1131/851 1123/1119/839
f 1123/1119/839 1135/1131/851 1136/1132/852 1124/1120/840
f 1124/1120/840 1136/1132/852 1125/1121/841 1113/1109/829
f 1125/1121/841 1137/1133/853 1138/1134/854 1126/1122/842
f 1126/1122/842 1138/1134/854 1139/1135/855 1127/1123/843
f 1127/1123/843 1139/1135/855 1140/1136/856 1128/1124/844
f 1128/1124/844 1140/1136/856 1141/1137/857 1129/1125/845
f 1129/1125/845 1141/1137/857 1142/1138/858 1130/1126/846
f 1130/1126/846 1142/1138/858 1143/1139/859 1131/1127/847
f 1131/1127/847 1143/1139/859 1144/1140/860 1132/1128/848
f 1132/1128/848 1144/1140/860 1145/1141/861 1133/1129/849
f 1133/1129/849 1145/1141/861 1146/1142/862 1134/1130/850
f 1134/1130/850 1146/1142/862 1147/1143/863 1135/1131/851
f 1135/1131/851 1147/1143/863 1148/1144/864 1136/1132/852
f 1136/1132/852 1148/1144/864 1137/1133/853 1125/1121/841
f 1137/1133/853 1149/1145/865 1150/1146/866 1138/1134/854
f 1138/1134/854 1150/1146/866 1151/1147/867 1139/1135/855
f 1139/1135/855 1151/1147/867 1152/1148/868 1140/1136/856
f 1140/1136/856 1152/1148/868 1153/1149/869 1141/1137/857
f 1141/1137/857 1153/1149/869 1154/1150/870 1142/1138/858
f 1142/1138/858 1154/1150/870 1155/1151/871 1143/1139/859
f 1143/1139/859 1155/1151/871 1156/1152/872 1144/1140/860
f 1144/1140/860 1156/1152/872 1157/1153/873 1145/1141/861
f 1145/1141/861 1157/1153/873 1158/1154/874 1146/1142/862
f 1146/1142/862 1158/1154/874 1159/1155/875 1147/1143/863
f 1147/1143/863 1159/1155/875 1160/1156/876 1148/1144/864
f 1148/1144/864 1160/1156/876 1149/1145/865 1137/1133/853
f 1149/1145/865 1161/1157/877 1162/1158/878 1150/1146/866
f 1150/1146/866 1162/1158/878 1163/1159/879 1151/1147/867
f 1151/1147/867 1163/1159/879 1164/1160/880 1152/1148/868
f 1152/1148/868 1164/1160/880 1165/1161/881 1153/1149/869
f 1153/1149/869 1165/1161/881 1166/1162/882 1154/1150/870
f 1154/1150/870 1166/1162/882 1167/1163/883 1155/1151/871
f 1155/1151/871 1167/1163/883 1168/1164/884 1156/1152/872
f 1156/1152/872 1168/1164/884 1169/1165/885 1157/1153/873
f 1157/1153/873 1169/1165/885 1170/1166/886 1158/1154/874
f 1158/1154/874 1170/1166/886 1171/1167/887 1159/1155/875
f 1159/1155/875 1171/1167/887 1172/1168/888 1160/1156/876
f 1160/1156/876 1172/1168/888 1161/1157/877 1149/1145/865
f 1161/1157/877 1173/1169/889 1174/1170/890 1162/1158/878
f 1162/1158/878 1174/1170/890 1175/1171/891 1163/1159/879
f 1163/1159/879 1175/1171/891 1176/1172/892 1164/1160/880
f 1164/1160/880 1176/1172/892 1177/1173/893 1165/1161/881
f 1165/1161/881 1177/1173/893 1178/1174/894 1166/1162/882
f 1166/1162/882 1178/1174/894 1179/1175/767 1167/1163/883
f 1167/1163/883 1179/1175/767 1180/1176/895 1168/1164/884
f 1168/1164/884 1180/1176/895 1181/1177/896 1169/1165/885
f 1169/1165/885 1181/1177/896 1182/1178/897 1170/1166/886
f 1170/1166/886 1182/1178/897 1183/1179/898 1171/1167/887
f 1171/1167/887 1183/1179/898 1184/1180/899 1172/1168/888
f 1172/1168/888 1184/1180/899 1173/1169/889 1161/1157/877
f 1173/1169/889 1185/1181/900 1186/1182/901 1174/1170/890
f 1174/1170/890 1186/1182/901 1187/1183/902 1175/1171/891
f 1175/1171/891 1187/1183/902 1188/1184/903 1176/1172/892
f 1176/1172/892 1188/1184/903 1189/1185/904 1177/1173/893
f 1177/1173/893 1189/1185/904 1190/1186/905 1178/1174/894
f 1178/1174/894 1190/1186/905 1191/1187/906 1179/1175/767
f 1179/1175/767 1191/1187/906 1192/1188/907 1180/1176/895
f 1180/1176/895 1192/1188/907 1193/1189/908 1181/1177/896
f 1181/1177/896 1193/1189/908 1194/1190/909 1182/1178/897
f 1182/1178/897 1194/1190/909 1195/1191/910 1183/1179/898
f 1183/1179/898 1195/1191/910 1196/1192/911 1184/1180/899
f 1184/1180/899 1196/1192/911 1185/1181/900 1173/1169/889
f 1185/1181/900 1197/1193/912 1198/1194/913 1186/1182/901
f 1186/1182/901 1198/1194/913 1199/1195/914 1187/1183/902
f 1187/1183/902 1199/1195/914 1200/1196/915 1188/1184/903
f 1188/1184/903 1200/1196/915 1201/1197/916 1189/1185/904
f 1189/1185/904 1201/1197/916 1202/1198/917 1190/1186/905
f 1190/1186/905 1202/1198/917 1203/1199/918 1191/1187/906
f 1191/1187/906 1203/1199/918 1204/1200/919 1192/1188/907
f 1192/1188/907 1204/1200/919 1205/1201/920 1193/1189/908
f 1193/1189/908 1205/1201/920 1206/1202/921 1194/1190/909
f 1194/1190/909 1206/1202/921 1207/1203/922 1195/1191/910
f 1195/1191/910 1207/1203/922 1208/1204/923 1196/1192/911
f 1196/1192/911 1208/1204/923 1197/1193/912 1185/1181/900
f 1197/1193/912 1209/1205/924 1210/1206/925 1198/1194/913
f 1198/1194/913 1210/1206/925 1211/1207/926 1199/1195/914
f 1199/1195/914 1211/1207/926 1212/1208/927 1200/1196/915
f 1200/1196/915 1212/1208/927 1213/1209/928 1201/1197/916
f 1201/1197/916 1213/1209/928 1214/1210/929 1202/1198/917
f 1202/1198/917 1214/1210/929 1215/1211/930 1203/1199/918
f 1203/1199/918 1215/1211/930 1216/1212/931 1204/1200/919
f 1204/1200/919 1216/1212/931 1217/1213/932 1205/1201/920
f 1205/1201/920 1217/1213/932 1218/1214/933 1206/1202/921
f 1206/1202/921 1218/1214/933 1219/1215/934 1207/1203/922
f 1207/1203/922 1219/1215/934 1220/1216/935 1208/1204/923
f 1208/1204/923 1220/1216/935 1209/1205/924 1197/1193/912
f 1209/1205/924 1221/1217/936 1222/1218/937 1210/1206/925
f 1210/1206/925 1222/1218/937 1223/1219/938 1211/1207/926
f 1211/1207/926 1223/1219/938 1224/1220/939 1212/1208/927
f 1212/1208/927 1224/1220/939 1225/1221/940 1213/1209/928
f 1213/1209/928 1225/1221/940 1226/1222/941 1214/1210/929
f 1214/1210/929 1226/1222/941 1227/1223/942 1215/1211/930
f 1215/1211/930 1227/1223/942 1228/1224/943 1216/1212/931
f 1216/1212/931 1228/1224/943 1229/1225/944 1217/1213/932
f 1217/1213/932 1229/1225/944 1230/1226/945 1218/1214/933
f 1218/1214/933 1230/1226/945 1231/1227/946 1219/1215/934
f 1219/1215/934 1231/1227/946 1232/1228/947 1220/1216/935
f 1220/1216/935 1232/1228/947 1221/1217/936 1209/1205/924
f 1221/1217/936 1233/1229/948 1234/1230/949 1222/1218/937
f 1222/1218/937 1234/1230/949 1235/1231/950 1223/1219/938
f 1223/1219/938 1235/1231/950 1236/1232/951 1224/1220/939
f 1224/1220/939 1236/1232/951 1237/1233/952 1225/1221/940
f 1225/1221/940 1237/1233/952 1238/1234/953 1226/1222/941
f 1226/1222/941 1238/1234/953 1239/1235/954 1227/1223/942
f 1227/1223/942 1239/1235/954 1240/1236/955 1228/1224/943
f 1228/1224/943 1240/1236/955 1241/1237/956 1229/1225/944
f 1229/1225/944 1241/1237/956 1242/1238/957 1230/1226/945
f 1230/1226/945 1242/1238/957 1243/1239/958 1231/1227/946
f 1231/1227/946 1243/1239/958 1244/1240/959 1232/1228/947
f 1232/1228/947 1244/1240/959 1233/1229/948 1221/1217/936
f 1233/1229/948 1245/1241/960 1246/1242/961 1234/1230/949
f 1234/1230/949 1246/1242/961 1247/1243/962 1235/1231/950
f 1235/1231/950 1247/1243/962 1248/1244/963 1236/1232/951
f 1236/1232/951 1248/1244/963 1249/1245/964 1237/1233/952
f 1237/1233/952 1249/1245/964 1250/1246/965 1238/1234/953
f 1238/1234/953 1250/1246/965 1251/1247/966 1239/1235/954
f 1239/1235/954 1251/1247/966 1252/1248/967 1240/1236/955
f 1240/1236/955 1252/1248/967 1253/1249/968 1241/1237/956
f 1241/1237/956 1253/1249/968 1254/1250/969 1242/1238/957
f 1242/1238/957 1254/1250/969 1255/1251/970 1243/1239/958
f 1243/1239/958 1255/1251/970 1256/1252/971 1244/1240/959
f 1244/1240/959 1256/1252/971 1245/1241/960 1233/1229/948
f 1245/1241/960 1257/1253/972 1258/1254/973 1246/1242/961
f 1246/1242/961 1258/1254/973 1259/1255/974 1247/1243/962
f 1247/1243/962 1259/1255/974 1260/1256/975 1248/1244/963
f 1248/1244/963 1260/1256/975 1261/1257/976 1249/1245/964
f 1249/1245/964 1261/1257/976 1262/1258/977 1250/1246/965
f 1250/1246/965 1262/1258/977 1263/1259/978 1251/1247/966
f 1251/1247/966 1263/1259/978 1264/1260/979 1252/1248/967
f 1252/1248/967 1264/1260/979 1265/1261/980 1253/1249/968
f 1253/1249/968 1265/1261/980 1266/1262/981 1254/1250/969
f 1254/1250/969 1266/1262/981 1267/1263/982 1255/1251/970
f 1255/1251/970 1267/1263/982 1268/1264/983 1256/1252/971
f 1256/1252/971 1268/1264/983 1257/1253/972 1245/1241/960
f 1257/1253/972 1269/1265/984 1270/1266/985 1258/1254/973
f 1258/1254/973 1270/1266/985 1271/1267/986 1259/1255/974
f 1259/1255/974 1271/1267/986 1272/1268/987 1260/1256/975
f 1260/1256/975 1272/1268/987 1273/1269/988 1261/1257/976
f 1261/1257/976 1273/1269/988 1274/1270/989 1262/1258/977
f 1262/1258/977 1274/1270/989 1275/1271/990 1263/1259/978
f 1263/1259/978 1275/1271/990 1276/1272/991 1264/1260/979
f 1264/1260/979 1276/1272/991 1277/1273/992 1265/1261/980
f 1265/1261/980 1277/1273/992 1278/1274/993 1266/1262/981
f 1266/1262/981 1278/1274/993 1279/1275/994 1267/1263/982
f 1267/1263/982 1279/1275/994 1280/1276/995 1268/1264/983
f 1268/1264/983 1280/1276/995 1269/1265/984 1257/1253/972
f 1269/1265/984 1281/1277/996 1282/1278/997 1270/1266/985
f 1270/1266/985 1282/1278/997 1283/1279/998 1271/1267/986
f 1271/1267/986 1283/1279/998 1284/1280/999 1272/1268/987
f 1272/1268/987 1284/1280/999 1285/1281/1000 1273/1269/988
f 1273/1269/988 1285/1281/1000 1286/1282/1001 1274/1270/989
f 1274/1270/989 1286/1282/1001 1287/1283/1002 1275/1271/990
f 1275/1271/990 1287/1283/1002 1288/1284/1003 1276/1272/991
f 1276/1272/991 1288/1284/1003 1289/1285/1004 1277/1273/992
f 1277/1273/992 1289/1285/1004 1290/1286/1005 1278/1274/993
f 1278/1274/993 1290/1286/1005 1291/1287/1006 1279/1275/994
f 1279/1275/994 1291/1287/1006 1292/1288/1007 1280/1276/995
f 1280/1276/995 1292/1288/1007 1281/1277/996 1269/1265/984
f 1281/1277/996 1293/15/775 1294/1289/1008 1282/1278/997
f 1282/1278/997 1294/1289/1008 1295/1290/1009 1283/1279/998
f 1283/1279/998 1295/1290/1009 1296/1291/1010 1284/1280/999
f 1284/1280/999 1296/1291/1010 1297/1292/1011 1285/1281/1000
f 1285/1281/1000 1297/1292/1011 1298/1293/1012 1286/1282/1001
f 1286/1282/1001 1298/1293/1012 1299/526/769 1287/1283/1002
f 1287/1283/1002 1299/526/769 1300/1294/1013 1288/1284/1003
f 1288/1284/1003 1300/1294/1013 1301/1295/1014 1289/1285/1004
f 1289/1285/1004 1301/1295/1014 1302/1296/1015 1290/1286/1005
f 1290/1286/1005 1302/1296/1015 1303/1297/1016 1291/1287/1006
f 1291/1287/1006 1303/1297/1016 1304/1298/1017 1292/1288/1007
f 1292/1288/1007 1304/1298/1017 1293/15/775 1281/1277/996
f 1293/15/775 1305/1299/787 1306/1300/1018 1294/1289/1008
f 1294/1289/1008 1306/1300/1018 1307/1301/1019 1295/1290/1009
f 1295/1290/1009 1307/1301/1019 1308/1302/1020 1296/1291/1010
f 1296/1291/1010 1308/1302/1020 1309/1303/1021 1297/1292/1011
f 1297/1292/1011 1309/1303/1021 1310/1304/1022 1298/1293/1012
f 1298/1293/1012 1310/1304/1022 1311/1305/781 1299/526/769
f 1299/526/769 1311/1305/781 1312/1306/1023 1300/1294/1013
f 1300/1294/1013 1312/1306/1023 1313/1307/1024 1301/1295/1014
f 1301/1295/1014 1313/1307/1024 1314/1308/1025 1302/1296/1015
f 1302/1296/1015 1314/1308/1025 1315/1309/1026 1303/1297/1016
f 1303/1297/1016 1315/1309/1026 1316/1310/1027 1304/1298/1017
f 1304/1298/1017 1316/1310/1027 1305/1299/787 1293/15/775
f 1305/1299/787 1317/1311/799 1318/1312/1028 1306/1300/1018
f 1306/1300/1018 1318/1312/1028 1319/1313/1029 1307/1301/1019
f 1307/1301/1019 1319/1313/1029 1320/1314/1030 1308/1302/1020
f 1308/1302/1020 1320/1314/1030 1321/1315/1031 1309/1303/1021
f 1309/1303/1021 1321/1315/1031 1322/1316/1032 1310/1304/1022
f 1310/1304/1022 1322/1316/1032 1323/1317/793 1311/1305/781
f 1311/1305/781 1323/1317/793 1324/1318/1033 1312/1306/1023
f 1312/1306/1023 1324/1318/1033 1325/1319/1034 1313/1307/1024
f 1313/1307/1024 1325/1319/1034 1326/1320/1035 1314/1308/1025
f 1314/1308/1025 1326/1320/1035 1327/1321/1036 1315/1309/1026
f 1315/1309/1026 1327/1321/1036 1328/1322/1037 1316/1310/1027
f 1316/1310/1027 1328/1322/1037 1317/1311/799 1305/1299/787
f 1317/1311/799 1329/1323/811 1330/1324/1038 1318/1312/1028
f 1318/1312/1028 1330/1324/1038 1331/1325/1039 1319/1313/1029
f 1319/1313/1029 1331/1325/1039 1332/1326/1040 1320/1314/1030
f 1320/1314/1030 1332/1326/1040 1333/1327/1041 1321/1315/1031
f 1321/1315/1031 1333/1327/1041 1334/1328/1042 1322/1316/1032
f 1322/1316/1032 1334/1328/1042 1335/1329/805 1323/1317/793
f 1323/1317/793 1335/1329/805 1336/1330/1043 1324/1318/1033
f 1324/1318/1033 1336/1330/1043 1337/1331/1044 1325/1319/1034
f 1325/1319/1034 1337/1331/1044 1338/1332/1045 1326/1320/1035
f 1326/1320/1035 1338/1332/1045 1339/1333/1046 1327/1321/1036
f 1327/1321/1036 1339/1333/1046 1340/1334/1047 1328/1322/1037
f 1328/1322/1037 1340/1334/1047 1329/1323/811 1317/1311/799
f 1329/1323/811 1341/1335/823 1342/1336/1048 1330/1324/1038
f 1330/1324/1038 1342/1336/1048 1343/1337/1049 1331/1325/1039
f 1331/1325/1039 1343/1337/1049 1344/1338/1050 1332/1326/1040
f 1332/1326/1040 1344/1338/1050 1345/1339/1051 1333/1327/1041
f 1333/1327/1041 1345/1339/1051 1346/1340/1052 1334/1328/1042
f 1334/1328/1042 1346/1340/1052 1347/1341/817 1335/1329/805
f 1335/1329/805 1347/1341/817 1348/1342/1053 1336/1330/1043
f 1336/1330/1043 1348/1342/1053 1349/1343/1054 1337/1331/1044
f 1337/1331/1044 1349/1343/1054 1350/1344/1055 1338/1332/1045
f 1338/1332/1045 1350/1344/1055 1351/1345/1056 1339/1333/1046
f 1339/1333/1046 1351/1345/1056 1352/1346/1057 1340/1334/1047
f 1340/1334/1047 1352/1346/1057 1341/1335/823 1329/1323/811
f 1341/1335/823 1353/1347/835 1354/1348/1058 1342/1336/1048
f 1342/1336/1048 1354/1348/1058 1355/1349/1059 1343/1337/1049
f 1343/1337/1049 1355/1349/1059 1356/1350/1060 1344/1338/1050
f 1344/1338/1050 1356/1350/1060 1357/1351/1061 1345/1339/1051
f 1345/1339/1051 1357/1351/1061 1358/1352/1062 1346/1340/1052
f 1346/1340/1052 1358/1352/1062 1359/1353/829 1347/1341/817
f 1347/1341/817 1359/1353/829 1360/1354/1063 1348/1342/1053
f 1348/1342/1053 1360/1354/1063 1361/1355/1064 1349/1343/1054
f 1349/1343/1054 1361/1355/1064 1362/1356/1065 1350/1344/1055
f 1350/1344/1055 1362/1356/1065 1363/1357/1066 1351/1345/1056
f 1351/1345/1056 1363/1357/1066 1364/1358/1067 1352/1346/1057
f 1352/1346/1057 1364/1358/1067 1353/1347/835 1341/1335/823
f 1353/1347/835 1365/1359/847 1366/1360/1068 1354/1348/1058
f 1354/1348/1058 1366/1360/1068 1367/1361/1069 1355/1349/1059
f 1355/1349/1059 1367/1361/1069 1368/1362/1070 1356/1350/1060
f 1356/1350/1060 1368/1362/1070 1369/1363/1071 1357/1351/1061
f 1357/1351/1061 1369/1363/1071 1370/1364/1072 1358/1352/1062
f 1358/1352/1062 1370/1364/1072 1371/1365/841 1359/1353/829
f 1359/1353/829 1371/1365/841 1372/1366/1073 1360/1354/1063
f 1360/1354/1063 1372/1366/1073 1373/1367/1074 1361/1355/1064
f 1361/1355/1064 1373/1367/1074 1374/1368/1075 1362/1356/1065
f 1362/1356/1065 1374/1368/1075 1375/1369/1076 1363/1357/1066
f 1363/1357/1066 1375/1369/1076 1376/1370/1077 1364/1358/1067
f 1364/1358/1067 1376/1370/1077 1365/1359/847 1353/1347/835
f 1365/1359/847 1377/1371/859 1378/1372/1078 1366/1360/1068
f 1366/1360/1068 1378/1372/1078 1379/1373/1079 1367/1361/1069
f 1367/1361/1069 1379/1373/1079 1380/1374/1080 1368/1362/1070
f 1368/1362/1070 1380/1374/1080 1381/1375/1081 1369/1363/1071
f 1369/1363/1071 1381/1375/1081 1382/1376/1082 1370/1364/1072
f 1370/1364/1072 1382/1376/1082 1383/1377/853 1371/1365/841
f 1371/1365/841 1383/1377/853 1384/1378/1083 1372/1366/1073
f 1372/1366/1073 1384/1378/1083 1385/1379/1084 1373/1367/1074
f 1373/1367/1074 1385/1379/1084 1386/1380/1085 1374/1368/1075
f 1374/1368/1075 1386/1380/1085 1387/1381/1086 1375/1369/1076
f 1375/1369/1076 1387/1381/1086 1388/1382/1087 1376/1370/1077
f 1376/1370/1077 1388/1382/1087 1377/1371/859 1365/1359/847
f 1377/1371/859 1389/1383/871 1390/1384/1088 1378/1372/1078
f 1378/1372/1078 1390/1384/1088 1391/1385/1089 1379/1373/1079
f 1379/1373/1079 1391/1385/1089 1392/1386/1090 1380/1374/1080
f 1380/1374/1080 1392/1386/1090 1393/1387/1091 1381/1375/1081
f 1381/1375/1081 1393/1387/1091 1394/1388/1092 1382/1376/1082
f 1382/1376/1082 1394/1388/1092 1395/1389/865 1383/1377/853
f 1383/1377/853 1395/1389/865 1396/1390/1093 1384/1378/1083
f 1384/1378/1083 1396/1390/1093 1397/1391/1094 1385/1379/1084
f 1385/1379/1084 1397/1391/1094 1398/1392/1095 1386/1380/1085
f 1386/1380/1085 1398/1392/1095 1399/1393/1096 1387/1381/1086
f 1387/1381/1086 1399/1393/1096 1400/1394/1097 1388/1382/1087
f 1388/1382/1087 1400/1394/1097 1389/1383/871 1377/1371/859
f 1389/1383/871 1401/1395/883 1402/1396/1098 1390/1384/1088
f 1390/1384/1088 1402/1396/1098 1403/1397/1099 1391/1385/1089
f 1391/1385/1089 1403/1397/1099 1404/1398/1100 1392/1386/1090
f 1392/1386/1090 1404/1398/1100 1405/1399/1101 1393/1387/1091
f 1393/1387/1091 1405/1399/1101 1406/1400/1102 1394/1388/1092
f 1394/1388/1092 1406/1400/1102 1407/1401/877 1395/1389/865
f 1395/1389/865 1407/1401/877 1408/1402/1103 1396/1390/1093
f 1396/1390/1093 1408/1402/1103 1409/1403/1104 1397/1391/1094
f 1397/1391/1094 1409/1403/1104 1410/1404/1105 1398/1392/1095
f 1398/1392/1095 1410/1404/1105 1411/1405/1106 1399/1393/1096
f 1399/1393/1096 1411/1405/1106 1412/1406/1107 1400/1394/1097
f 1400/1394/1097 1412/1406/1107 1401/1395/883 1389/1383/871
f 1401/1395/883 1413/1407/767 1414/1408/1108 1402/1396/1098
f 1402/1396/1098 1414/1408/1108 1415/1409/1109 1403/1397/1099
f 1403/1397/1099 1415/1409/1109 1416/1410/1110 1404/1398/1100
f 1404/1398/1100 1416/1410/1110 1417/1411/1111 1405/1399/1101
f 1405/1399/1101 1417/1411/1111 1418/1412/1112 1406/1400/1102
f 1406/1400/1102 1418/1412/1112 1419/1413/889 1407/1401/877
f 1407/1401/877 1419/1413/889 1420/1414/1113 1408/1402/1103
f 1408/1402/1103 1420/1414/1113 1421/1415/1114 1409/1403/1104
f 1409/1403/1104 1421/1415/1114 1422/1416/1115 1410/1404/1105
f 1410/1404/1105 1422/1416/1115 1423/1417/1116 1411/1405/1106
f 1411/1405/1106 1423/1417/1116 1424/1418/1117 1412/1406/1107
f 1412/1406/1107 1424/1418/1117 1413/1407/767 1401/1395/883
f 1413/1407/767 1425/1419/906 1426/1420/1118 1414/1408/1108
f 1414/1408/1108 1426/1420/1118 1427/1421/1119 1415/1409/1109
f 1415/1409/1109 1427/1421/1119 1428/1422/1120 1416/1410/1110
f 1416/1410/1110 1428/1422/1120 1429/1423/1121 1417/1411/1111
f 1417/1411/1111 1429/1423/1121 1430/1424/1122 1418/1412/1112
f 1418/1412/1112 1430/1424/1122 1431/1425/900 1419/1413/889
f 1419/1413/889 1431/1425/900 1432/1426/1123 1420/1414/1113
f 1420/1414/1113 1432/1426/1123 1433/1427/1124 1421/1415/1114
f 1421/1415/1114 1433/1427/1124 1434/1428/1125 1422/1416/1115
f 1422/1416/1115 1434/1428/1125 1435/1429/1126 1423/1417/1116
f 1423/1417/1116 1435/1429/1126 1436/1430/1127 1424/1418/1117
f 1424/1418/1117 1436/1430/1127 1425/1419/906 1413/1407/767
f 1425/1419/906 1437/1431/918 1438/1432/1128 1426/1420/1118
f 1426/1420/1118 1438/1432/1128 1439/1433/1129 1427/1421/1119
f 1427/1421/1119 1439/1433/1129 1440/1434/1130 1428/1422/1120
f 1428/1422/1120 1440/1434/1130 1441/1435/1131 1429/1423/1121
f 1429/1423/1121 1441/1435/1131 1442/1436/1132 1430/1424/1122
f 1430/1424/1122 1442/1436/1132 1443/1437/912 1431/1425/900
f 1431/1425/900 1443/1437/912 1444/1438/1133 1432/1426/1123
f 1432/1426/1123 1444/1438/1133 1445/1439/1134 1433/1427/1124
f 1433/1427/1124 1445/1439/1134 1446/1440/1135 1434/1428/1125
f 1434/1428/1125 1446/1440/1135 1447/1441/1136 1435/1429/1126
f 1435/1429/1126 1447/1441/1136 1448/1442/1137 1436/1430/1127
f 1436/1430/1127 1448/1442/1137 1437/1431/918 1425/1419/906
f 1437/1431/918 1449/1443/930 1450/1444/1138 1438/1432/1128
f 1438/1432/1128 1450/1444/1138 1451/1445/1139 1439/1433/1129
f 1439/1433/1129 1451/1445/1139 1452/1446/1140 1440/1434/1130
f 1440/1434/1130 1452/1446/1140 1453/1447/1141 1441/1435/1131
f 1441/1435/1131 1453/1447/1141 1454/1448/1142 1442/1436/1132
f 1442/1436/1132 1454/1448/1142 1455/1449/924 1443/1437/912
f 1443/1437/912 1455/1449/924 1456/1450/1143 1444/1438/1133
f 1444/1438/1133 1456/1450/1143 1457/1451/1144 1445/1439/1134
f 1445/1439/1134 1457/1451/1144 1458/1452/1145 1446/1440/1135
f 1446/1440/1135 1458/1452/1145 1459/1453/1146 1447/1441/1136
f 1447/1441/1136 1459/1453/1146 1460/1454/1147 1448/1442/1137
f 1448/1442/1137 1460/1454/1147 1449/1443/930 1437/1431/918
f 1449/1443/930 1461/1455/942 1462/1456/1148 1450/1444/1138
f 1450/1444/1138 1462/1456/1148 1463/1457/1149 1451/1445/1139
f 1451/1445/1139 1463/1457/1149 1464/1458/1150 1452/1446/1140
f 1452/1446/1140 1464/1458/1150 1465/1459/1151 1453/1447/1141
f 1453/1447/1141 1465/1459/1151 1466/1460/1152 1454/1448/1142
f 1454/1448/1142 1466/1460/1152 1467/1461/936 1455/1449/924
f 1455/1449/924 1467/1461/936 1468/1462/1153 1456/1450/1143
f 1456/1450/1143 1468/1462/1153 1469/1463/1154 1457/1451/1144
f 1457/1451/1144 1469/1463/1154 1470/1464/1155 1458/1452/1145
f 1458/1452/1145 1470/1464/1155 1471/1465/1156 1459/1453/1146
f 1459/1453/1146 1471/1465/1156 1472/1466/1157 1460/1454/1147
f 1460/1454/1147 1472/1466/1157 1461/1455/942 1449/1443/930
f 1461/1455/942 1473/1467/954 1474/1468/1158 1462/1456/1148
f 1462/1456/1148 1474/1468/1158 1475/1469/1159 1463/1457/1149
f 1463/1457/1149 1475/1469/1159 1476/1470/1160 1464/1458/1150
f 1464/1458/1150 1476/1470/1160 1477/1471/1161 1465/1459/1151
f 1465/1459/1151 1477/1471/1161 1478/1472/1162 1466/1460/1152
f 1466/1460/1152 1478/1472/1162 1479/1473/948 1467/1461/936
f 1467/1461/936 1479/1473/948 1480/1474/1163 1468/1462/1153
f 1468/1462/1153 1480/1474/1163 1481/1475/1164 1469/1463/1154
f 1469/1463/1154 1481/1475/1164 1482/1476/1165 1470/1464/1155
f 1470/1464/1155 1482/1476/1165 1483/1477/1166 1471/1465/1156
f 1471/1465/1156 1483/1477/1166 1484/1478/1167 1472/1466/1157
f 1472/1466/1157 1484/1478/1167 1473/1467/954 1461/1455/942
f 1473/1467/954 1485/1479/966 1486/1480/1168 1474/1468/1158
f 1474/1468/1158 1486/1480/1168 1487/1481/1169 1475/1469/1159
f 1475/1469/1159 1487/1481/1169 1488/1482/1170 1476/1470/1160
f 1476/1470/1160 1488/1482/1170 1489/1483/1171 1477/1471/1161
f 1477/1471/1161 1489/1483/1171 1490/1484/1172 1478/1472/1162
f 1478/1472/1162 1490/1484/1172 1491/1485/960 1479/1473/948
f 1479/1473/948 1491/1485/960 1492/1486/1173 1480/1474/1163
f 1480/1474/1163 1492/1486/1173 1493/1487/1174 1481/1475/1164
f 1481/1475/1164 1493/1487/1174 1494/1488/1175 1482/1476/1165
f 1482/1476/1165 1494/1488/1175 1495/1489/1176 1483/1477/1166
f 1483/1477/1166 1495/1489/1176 1496/1490/1177 1484/1478/1167
f 1484/1478/1167 1496/1490/1177 1485/1479/966 1473/1467/954
f 1485/1479/966 1497/1491/978 1498/1492/1178 1486/1480/1168
f 1486/1480/1168 1498/1492/1178 1499/1493/1179 1487/1481/1169
f 1487/1481/1169 1499/1493/1179 1500/1494/1180 1488/1482/1170
f 1488/1482/1170 1500/1494/1180 1501/1495/1181 1489/1483/1171
f 1489/1483/1171 1501/1495/1181 1502/1496/1182 1490/1484/1172
f 1490/1484/1172 1502/1496/1182 1503/1497/972 1491/1485/960
f 1491/1485/960 1503/1497/972 1504/1498/1183 1492/1486/1173
f 1492/1486/1173 1504/1498/1183 1505/1499/1184 1493/1487/1174
f 1493/1487/1174 1505/1499/1184 1506/1500/1185 1494/1488/1175
f 1494/1488/1175 1506/1500/1185 1507/1501/1186 1495/1489/1176
f 1495/1489/1176 1507/1501/1186 1508/1502/1187 1496/1490/1177
f 1496/1490/1177 1508/1502/1187 1497/1491/978 1485/1479/966
f 1497/1491/978 1509/1503/990 1510/1504/1188 1498/1492/1178
f 1498/1492/1178 1510/1504/1188 1511/1505/1189 1499/1493/1179
f 1499/1493/1179 1511/1505/1189 1512/1506/1190 1500/1494/1180
f 1500/1494/1180 1512/1506/1190 1513/1507/1191 1501/1495/1181
f 1501/1495/1181 1513/1507/1191 1514/1508/1192 1502/1496/1182
f 1502/1496/1182 1514/1508/1192 1515/1509/984 1503/1497/972
f 1503/1497/972 1515/1509/984 1516/1510/1193 1504/1498/1183
f 1504/1498/1183 1516/1510/1193 1517/1511/1194 1505/1499/1184
f 1505/1499/1184 1517/1511/1194 1518/1512/1195 1506/1500/1185
f 1506/1500/1185 1518/1512/1195 1519/1513/1196 1507/1501/1186
f 1507/1501/1186 1519/1513/1196 1520/1514/1197 1508/1502/1187
f 1508/1502/1187 1520/1514/1197 1509/1503/990 1497/1491/978
f 1509/1503/990 1521/1515/1002 1522/1516/1198 1510/1504/1188
f 1510/1504/1188 1522/1516/1198 1523/1517/1199 1511/1505/1189
f 1511/1505/1189 1523/1517/1199 1524/1518/1200 1512/1506/1190
f 1512/1506/1190 1524/1518/1200 1525/1519/1201 1513/1507/1191
f 1513/1507/1191 1525/1519/1201 1526/1520/1202 1514/1508/1192
f 1514/1508/1192 1526/1520/1202 1527/1521/996 1515/1509/984
f 1515/1509/984 1527/1521/996 1528/1522/1203 1516/1510/1193
f 1516/1510/1193 1528/1522/1203 1529/1523/1204 1517/1511/1194
f 1517/1511/1194 1529/1523/1204 1530/1524/1205 1518/1512/1195
f 1518/1512/1195 1530/1524/1205 1531/1525/1206 1519/1513/1196
f 1519/1513/1196 1531/1525/1206 1532/1526/1207 1520/1514/1197
f 1520/1514/1197 1532/1526/1207 1521/1515/1002 1509/1503/990
f 1521/1515/1002 1053/1/769 1054/1053/770 1522/1516/1198
f 1522/1516/1198 1054/1053/770 1055/1055/771 1523/1517/1199
f 1523/1517/1199 1055/1055/771 1056/1057/772 1524/1518/1200
f 1524/1518/1200 1056/1057/772 1057/1059/773 1525/1519/1201
f 1525/1519/1201 1057/1059/773 1058/1061/774 1526/1520/1202
f 1526/1520/1202 1058/1061/774 1059/520/775 1527/1521/996
f 1527/1521/996 1059/520/775 1060/1064/776 1528/1522/1203
f 1528/1522/1203 1060/1064/776 1061/1066/777 1529/1523/1204
f 1529/1523/1204 1061/1066/777 1062/1068/778 1530/1524/1205
f 1530/1524/1205 1062/1068/778 1063/1070/779 1531/1525/1206
f 1531/1525/1206 1063/1070/779 1064/1072/780 1532/1526/1207
f 1532/1526/1207 1064/1072/780 1053/1/769 1521/1515/1002
f 1533/1/1208 1534/1527/1209 1546/1528/1221 1545/1059/1220
f 1534/1527/1209 1535/1529/1210 1547/1530/1222 1546/1528/1221
f 1535/1529/1210 1536/1169/1211 1548/1173/1223 1547/1530/1222
f 1536/1169/1211 1537/1531/1212 1549/1532/1224 1548/1173/1223
f 1537/1531/1212 1538/1533/1213 1550/1534/1225 1549/1532/1224
f 1538/1533/1213 1539/15/1214 1551/1292/1226 1550/1534/1225
f 1539/15/1214 1540/1535/1215 1552/1536/1227 1551/1292/1226
f 1540/1535/1215 1541/1537/1216 1553/1538/1228 1552/1536/1227
f 1541/1537/1216 1542/1407/1217 1554/1411/1229 1553/1538/1228
f 1542/1407/1217 1543/1539/1218 1555/1540/1230 1554/1411/1229
f 1543/1539/1218 1544/1541/1219 1556/1542/1231 1555/1540/1230
f 1544/1541/1219 1533/1/1208 1545/1059/1220 1556/1542/1231
f 1545/1059/1220 1546/1528/1221 1558/1543/1233 1557/1066/1232
f 1546/1528/1221 1547/1530/1222 1559/1544/1234 1558/1543/1233
f 1547/1530/1222 1548/1173/1223 1560/1177/1235 1559/1544/1234
f 1548/1173/1223 1549/1532/1224 1561/1545/1236 1560/1177/1235
f 1549/1532/1224 1550/1534/1225 1562/1546/1237 1561/1545/1236
f 1550/1534/1225 1551/1292/1226 1563/1295/1238 1562/1546/1237
f 1551/1292/1226 1552/1536/1227 1564/1547/1239 1563/1295/1238
f 1552/1536/1227 1553/1538/1228 1565/1548/1240 1564/1547/1239
f 1553/1538/1228 1554/1411/1229 1566/1415/1241 1565/1548/1240
f 1554/1411/1229 1555/1540/1230 1567/1549/1242 1566/1415/1241
f 1555/1540/1230 1556/1542/1231 1568/1550/1243 1567/1549/1242
f 1556/1542/1231 1545/1059/1220 1557/1066/1232 1568/1550/1243
f 1557/1066/1232 1558/1543/1233 1570/1551/1245 1569/1038/1244
f 1558/1543/1233 1559/1544/1234 1571/1552/1246 1570/1551/1245
f 1559/1544/1234 1560/1177/1235 1572/1553/1247 1571/1552/1246
f 1560/1177/1235 1561/1545/1236 1573/1554/1248 1572/1553/1247
f 1561/1545/1236 1562/1546/1237 1574/1555/1249 1573/1554/1248
f 1562/1546/1237 1563/1295/1238 1575/1044/1250 1574/1555/1249
f 1563/1295/1238 1564/1547/1239 1576/1556/1251 1575/1044/1250
f 1564/1547/1239 1565/1548/1240 1577/1557/1252 1576/1556/1251
f 1565/1548/1240 1566/1415/1241 1578/1558/1253 1577/1557/1252
f 1566/1415/1241 1567/1549/1242 1579/1559/1254 1578/1558/1253
f 1567/1549/1242 1568/1550/1243 1580/1560/1255 1579/1559/1254
f 1568/1550/1243 1557/1066/1232 1569/1038/1244 1580/1560/1255
f 1581/15/1256 1534/1527/1209 1533/1/1208
f 1582/1044/1257 1569/1038/1244 1570/1551/1245
f 1581/15/1256 1535/1529/1210 1534/1527/1209
f 1582/1044/1257 1570/1551/1245 1571/1552/1246
f 1581/15/1256 1536/1169/1211 1535/1529/1210
f 1582/1044/1257 1571/1552/1246 1572/1553/1247
f 1581/15/1256 1537/1531/1212 1536/1169/1211
f 1582/1044/1257 1572/1553/1247 1573/1554/1248
f 1581/15/1256 1538/1533/1213 1537/1531/1212
f 1582/1044/1257 1573/1554/1248 1574/1555/1249
f 1581/15/1256 1539/15/1214 1538/1533/1213
f 1582/1044/1257 1574/1555/1249 1575/1044/1250
f 1581/15/1256 1540/1535/1215 1539/15/1214
f 1582/1044/1257 1575/1044/1250 1576/1556/1251
f 1581/15/1256 1541/1537/1216 1540/1535/1215
f 1582/1044/1257 1576/1556/1251 1577/1557/1252
f 1581/15/1256 1542/1407/1217 1541/1537/1216
f 1582/1044/1257 1577/1557/1252 1578/1558/1253
f 1581/15/1256 1543/1539/1218 1542/1407/1217
f 1582/1044/1257 1578/1558/1253 1579/1559/1254
f 1581/15/1256 1544/1541/1219 1543/1539/1218
f 1582/1044/1257 1579/1559/1254 1580/1560/1255
f 1581/15/1256 1533/1/1208 1544/1541/1219
f 1582/1044/1257 1580/1560/1255 1569/1038/1244
f 1583/1561/1258 1584/1562/1259 1594/1563/1269 1593/1564/1268
f 1584/1562/1259 1585/1565/1260 1595/1566/1270 1594/1563/1269
f 1585/1565/1260 1586/1567/1261 1596/1568/1271 1595/1566/1270
f 1586/1567/1261 1587/1569/1262 1597/1570/1272 1596/1568/1271
f 1587/1569/1262 1588/1571/1263 1598/1572/1273 1597/1570/1272
f 1588/1571/1263 1589/1573/1264 1599/1574/1274 1598/1572/1273
f 1589/1573/1264 1590/1575/1265 1600/1576/1275 1599/1574/1274
f 1590/1575/1265 1591/1577/1266 1601/1578/1276 1600/1576/1275
f 1591/1577/1266 1592/1579/1267 1602/1580/1277 1601/1578/1276
f 1592/1579/1267 1583/1561/1258 1593/1564/1268 1602/1580/1277
f 1593/1564/1268 1594/1563/1269 1604/1581/1279 1603/1582/1278
f 1594/1563/1269 1595/1566/1270 1605/1583/1280 1604/1581/1279
f 1595/1566/1270 1596/1568/1271 1606/1584/1281 1605/1583/1280
f 1596/1568/1271 1597/1570/1272 1607/1585/1282 1606/1584/1281
f 1597/1570/1272 1598/1572/1273 1608/1586/1283 1607/1585/1282
f 1598/1572/1273 1599/1574/1274 1609/1587/1274 1608/1586/1283
f 1599/1574/1274 1600/1576/1275 1610/1588/1284 1609/1587/1274
f 1600/1576/1275 1601/1578/1276 1611/1589/1285 1610/1588/1284
f 1601/1578/1276 1602/1580/1277 1612/1590/1286 1611/1589/1285
f 1602/1580/1277 1593/1564/1268 1603/1582/1278 1612/1590/1286
f 1603/1582/1278 1604/1581/1279 1614/1591/1288 1613/1592/1287
f 1604/1581/1279 1605/1583/1280 1615/1593/1289 1614/1591/1288
f 1605/1583/1280 1606/1584/1281 1616/1594/1290 1615/1593/1289
f 1606/1584/1281 1607/1585/1282 1617/1595/1291 1616/1594/1290
f 1607/1585/1282 1608/1586/1283 1618/1596/1292 1617/1595/1291
f 1608/1586/1283 1609/1587/1274 1619/1597/1293 1618/1596/1292
f 1609/1587/1274 1610/1588/1284 1620/1598/1294 1619/1597/1293
f 1610/1588/1284 1611/1589/1285 1621/1599/1295 1620/1598/1294
f 1611/1589/1285 1612/1590/1286 1622/1600/1296 1621/1599/1295
f 1612/1590/1286 1603/1582/1278 1613/1592/1287 1622/1600/1296
f 1613/1592/1287 1614/1591/1288 1624/1601/1298 1623/1602/1297
f 1614/1591/1288 1615/1593/1289 1625/1603/1299 1624/1601/1298
f 1615/1593/1289 1616/1594/1290 1626/1604/1300 1625/1603/1299
f 1616/1594/1290 1617/1595/1291 1627/1605/1301 1626/1604/1300
f 1617/1595/1291 1618/1596/1292 1628/1606/1302 1627/1605/1301
f 1618/1596/1292 1619/1597/1293 1629/1607/1303 1628/1606/1302
f 1619/1597/1293 1620/1598/1294 1630/1608/1304 1629/1607/1303
f 1620/1598/1294 1621/1599/1295 1631/1609/1305 1630/1608/1304
f 1621/1599/1295 1622/1600/1296 1632/1610/1306 1631/1609/1305
f 1622/1600/1296 1613/1592/1287 1623/1602/1297 1632/1610/1306
f 1623/1602/1297 1624/1601/1298 1634/1611/1308 1633/1612/1307
f 1624/1601/1298 1625/1603/1299 1635/1613/1309 1634/1611/1308
f 1625/1603/1299 1626/1604/1300 1636/1614/1310 1635/1613/1309
f 1626/1604/1300 1627/1605/1301 1637/1615/1311 1636/1614/1310
f 1627/1605/1301 1628/1606/1302 1638/1616/1312 1637/1615/1311
f 1628/1606/1302 1629/1607/1303 1639/1617/1313 1638/1616/1312
f 1629/1607/1303 1630/1608/1304 1640/1618/1314 1639/1617/1313
f 1630/1608/1304 1631/1609/1305 1641/1619/1315 1640/1618/1314
f 1631/1609/1305 1632/1610/1306 1642/1620/1316 1641/1619/1315
f 1632/1610/1306 1623/1602/1297 1633/1612/1307 1642/1620/1316
f 1633/1612/1307 1634/1611/1308 1644/1621/1318 1643/1622/1317
f 1634/1611/1308 1635/1613/1309 1645/1623/1319 1644/1621/1318
f 1635/1613/1309 1636/1614/1310 1646/1624/1320 1645/1623/1319
f 1636/1614/1310 1637/1615/1311 1647/1625/1321 1646/1624/1320
f 1637/1615/1311 1638/1616/1312 1648/1626/1322 1647/1625/1321
f 1638/1616/1312 1639/1617/1313 1649/1627/1323 1648/1626/1322
f 1639/1617/1313 1640/1618/1314 1650/1628/1324 1649/1627/1323
f 1640/1618/1314 1641/1619/1315 1651/1629/1325 1650/1628/1324
f 1641/1619/1315 1642/1620/1316 1652/1630/1326 1651/1629/1325
f 1642/1620/1316 1633/1612/1307 1643/1622/1317 1652/1630/1326
f 1643/1622/1317 1644/1621/1318 1654/1631/1328 1653/1632/1327
f 1644/1621/1318 1645/1623/1319 1655/1633/1329 1654/1631/1328
f 1645/1623/1319 1646/1624/1320 1656/1634/1330 1655/1633/1329
f 1646/1624/1320 1647/1625/1321 1657/1635/1331 1656/1634/1330
f 1647/1625/1321 1648/1626/1322 1658/1636/1332 1657/1635/1331
f 1648/1626/1322 1649/1627/1323 1659/1637/1333 1658/1636/1332
f 1649/1627/1323 1650/1628/1324 1660/1638/1334 1659/1637/1333
f 1650/1628/1324 1651/1629/1325 1661/1639/1335 1660/1638/1334
f 1651/1629/1325 1652/1630/1326 1662/1640/1336 1661/1639/1335
f 1652/1630/1326 1643/1622/1317 1653/1632/1327 1662/1640/1336
f 1653/1632/1327 1654/1631/1328 1664/1641/1338 1663/1642/1337
f 1654/1631/1328 1655/1633/1329 1665/1643/1339 1664/1641/1338
f 1655/1633/1329 1656/1634/1330 1666/1644/1340 1665/1643/1339
f 1656/1634/1330 1657/1635/1331 1667/1645/1341 1666/1644/1340
f 1657/1635/1331 1658/1636/1332 1668/1646/1342 1667/1645/1341
f 1658/1636/1332 1659/1637/1333 1669/1647/1343 1668/1646/1342
f 1659/1637/1333 1660/1638/1334 1670/1648/1344 1669/1647/1343
f 1660/1638/1334 1661/1639/1335 1671/1649/1345 1670/1648/1344
f 1661/1639/1335 1662/1640/1336 1672/1650/1346 1671/1649/1345
f 1662/1640/1336 1653/1632/1327 1663/1642/1337 1672/1650/1346
f 1663/1642/1337 1664/1641/1338 1674/1651/1348 1673/1652/1347
f 1664/1641/1338 1665/1643/1339 1675/1653/1349 1674/1651/1348
f 1665/1643/1339 1666/1644/1340 1676/1654/1350 1675/1653/1349
f 1666/1644/1340 1667/1645/1341 1677/1655/1351 1676/1654/1350
f 1667/1645/1341 1668/1646/1342 1678/1656/1352 1677/1655/1351
f 1668/1646/1342 1669/1647/1343 1679/1657/1353 1678/1656/1352
f 1669/1647/1343 1670/1648/1344 1680/1658/1354 1679/1657/1353
f 1670/1648/1344 1671/1649/1345 1681/1659/1355 1680/1658/1354
f 1671/1649/1345 1672/1650/1346 1682/1660/1356 1681/1659/1355
f 1672/1650/1346 1663/1642/1337 1673/1652/1347 1682/1660/1356
f 1673/1652/1347 1674/1651/1348 1684/1661/1358 1683/1662/1357
f 1674/1651/1348 1675/1653/1349 1685/1663/1359 1684/1661/1358
f 1675/1653/1349 1676/1654/1350 1686/1664/1360 1685/1663/1359
f 1676/1654/1350 1677/1655/1351 1687/1665/1361 1686/1664/1360
f 1677/1655/1351 1678/1656/1352 1688/1666/1362 1687/1665/1361
f 1678/1656/1352 1679/1657/1353 1689/1667/1363 1688/1666/1362
f 1679/1657/1353 1680/1658/1354 1690/1668/1364 1689/1667/1363
f 1680/1658/1354 1681/1659/1355 1691/1669/1365 1690/1668/1364
f 1681/1659/1355 1682/1660/1356 1692/1670/1366 1691/1669/1365
f 1682/1660/1356 1673/1652/1347 1683/1662/1357 1692/1670/1366
f 1683/1662/1357 1684/1661/1358 1694/1671/1368 1693/1672/1367
f 1684/1661/1358 1685/1663/1359 1695/1673/1369 1694/1671/1368
f 1685/1663/1359 1686/1664/1360 1696/1674/1370 1695/1673/1369
f 1686/1664/1360 1687/1665/1361 1697/1675/1371 1696/1674/1370
f 1687/1665/1361 1688/1666/1362 1698/1676/1372 1697/1675/1371
f 1688/1666/1362 1689/1667/1363 1699/1677/1373 1698/1676/1372
f 1689/1667/1363 1690/1668/1364 1700/1678/1374 1699/1677/1373
f 1690/1668/1364 1691/1669/1365 1701/1679/1375 1700/1678/1374
f 1691/1669/1365 1692/1670/1366 1702/1680/1376 1701/1679/1375
f 1692/1670/1366 1683/1662/1357 1693/1672/1367 1702/1680/1376
f 1693/1672/1367 1694/1671/1368 1704/1681/1378 1703/1682/1377
f 1694/1671/1368 1695/1673/1369 1705/1683/1379 1704/1681/1378
f 1695/1673/1369 1696/1674/1370 1706/1684/1380 1705/1683/1379
f 1696/1674/1370 1697/1675/1371 1707/1685/1381 1706/1684/1380
f 1697/1675/1371 1698/1676/1372 1708/1686/1382 1707/1685/1381
f 1698/1676/1372 1699/1677/1373 1709/1687/1383 1708/1686/1382
f 1699/1677/1373 1700/1678/1374 1710/1688/1384 1709/1687/1383
f 1700/1678/1374 1701/1679/1375 1711/1689/1385 1710/1688/1384
f 1701/1679/1375 1702/1680/1376 1712/1690/1386 1711/1689/1385
f 1702/1680/1376 1693/1672/1367 1703/1682/1377 1712/1690/1386
f 1703/1682/1377 1704/1681/1378 1714/1691/1388 1713/1692/1387
f 1704/1681/1378 1705/1683/1379 1715/1693/1389 1714/1691/1388
f 1705/1683/1379 1706/1684/1380 1716/1694/1390 1715/1693/1389
f 1706/1684/1380 1707/1685/1381 1717/1695/1391 1716/1694/1390
f 1707/1685/1381 1708/1686/1382 1718/1696/1392 1717/1695/1391
f 1708/1686/1382 1709/1687/1383 1719/1697/1393 1718/1696/1392
f 1709/1687/1383 1710/1688/1384 1720/1698/1394 1719/1697/1393
f 1710/1688/1384 1711/1689/1385 1721/1699/1395 1720/1698/1394
f 1711/1689/1385 1712/1690/1386 1722/1700/1396 1721/1699/1395
f 1712/1690/1386 1703/1682/1377 1713/1692/1387 1722/1700/1396
f 1713/1692/1387 1714/1691/1388 1724/1701/1398 1723/1702/1397
f 1714/1691/1388 1715/1693/1389 1725/1703/1399 1724/1701/1398
f 1715/1693/1389 1716/1694/1390 1726/1704/1400 1725/1703/1399
f 1716/1694/1390 1717/1695/1391 1727/1705/1401 1726/1704/1400
f 1717/1695/1391 1718/1696/1392 1728/1706/1402 1727/1705/1401
f 1718/1696/1392 1719/1697/1393 1729/1707/1403 1728/1706/1402
f 1719/1697/1393 1720/1698/1394 1730/1708/1404 1729/1707/1403
f 1720/1698/1394 1721/1699/1395 1731/1709/1405 1730/1708/1404
f 1721/1699/1395 1722/1700/1396 1732/1710/1406 1731/1709/1405
f 1722/1700/1396 1713/1692/1387 1723/1702/1397 1732/1710/1406
f 1723/1702/1397 1724/1701/1398 1734/1711/1408 1733/1712/1407
f 1724/1701/1398 1725/1703/1399 1735/1713/1409 1734/1711/1408
f 1725/1703/1399 1726/1704/1400 1736/1714/1410 1735/1713/1409
f 1726/1704/1400 1727/1705/1401 1737/1715/1411 1736/1714/1410
f 1727/1705/1401 1728/1706/1402 1738/1716/1412 1737/1715/1411
f 1728/1706/1402 1729/1707/1403 1739/1717/1413 1738/1716/1412
f 1729/1707/1403 1730/1708/1404 1740/1718/1414 1739/1717/1413
f 1730/1708/1404 1731/1709/1405 1741/1719/1415 1740/1718/1414
f 1731/1709/1405 1732/1710/1406 1742/1720/1416 1741/1719/1415
f 1732/1710/1406 1723/1702/1397 1733/1712/1407 1742/1720/1416
f 1733/1712/1407 1734/1711/1408 1744/1721/1418 1743/1722/1417
f 1734/1711/1408 1735/1713/1409 1745/1723/1419 1744/1721/1418
f 1735/1713/1409 1736/1714/1410 1746/1724/1420 1745/1723/1419
f 1736/1714/1410 1737/1715/1411 1747/1725/1421 1746/1724/1420
f 1737/1715/1411 1738/1716/1412 1748/1726/1422 1747/1725/1421
f 1738/1716/1412 1739/1717/1413 1749/1727/1423 1748/1726/1422
f 1739/1717/1413 1740/1718/1414 1750/1728/1424 1749/1727/1423
f 1740/1718/1414 1741/1719/1415 1751/1729/1425 1750/1728/1424
f 1741/1719/1415 1742/1720/1416 1752/1730/1426 1751/1729/1425
f 1742/1720/1416 1733/1712/1407 1743/1722/1417 1752/1730/1426
f 1743/1722/1417 1744/1721/1418 1754/1731/1428 1753/1732/1427
f 1744/1721/1418 1745/1723/1419 1755/1733/1429 1754/1731/1428
f 1745/1723/1419 1746/1724/1420 1756/1734/1430 1755/1733/1429
f 1746/1724/1420 1747/1725/1421 1757/1735/1431 1756/1734/1430
f 1747/1725/1421 1748/1726/1422 1758/1736/1432 1757/1735/1431
f 1748/1726/1422 1749/1727/1423 1759/1737/1433 1758/1736/1432
f 1749/1727/1423 1750/1728/1424 1760/1738/1434 1759/1737/1433
f 1750/1728/1424 1751/1729/1425 1761/1739/1435 1760/1738/1434
f 1751/1729/1425 1752/1730/1426 1762/1740/1436 1761/1739/1435
f 1752/1730/1426 1743/1722/1417 1753/1732/1427 1762/1740/1436
f 1753/1732/1427 1754/1731/1428 1764/1741/1438 1763/1742/1437
f 1754/1731/1428 1755/1733/1429 1765/1743/1439 1764/1741/1438
f 1755/1733/1429 1756/1734/1430 1766/1744/1440 1765/1743/1439
f 1756/1734/1430 1757/1735/1431 1767/1745/1441 1766/1744/1440
f 1757/1735/1431 1758/1736/1432 1768/1746/1442 1767/1745/1441
f 1758/1736/1432 1759/1737/1433 1769/1747/1443 1768/1746/1442
f 1759/1737/1433 1760/1738/1434 1770/1748/1444 1769/1747/1443
f 1760/1738/1434 1761/1739/1435 1771/1749/1445 1770/1748/1444
f 1761/1739/1435 1762/1740/1436 1772/1750/1446 1771/1749/1445
f 1762/1740/1436 1753/1732/1427 1763/1742/1437 1772/1750/1446
f 1763/1742/1437 1764/1741/1438 1774/1751/1448 1773/1752/1447
f 1764/1741/1438 1765/1743/1439 1775/1753/1449 1774/1751/1448
f 1765/1743/1439 1766/1744/1440 1776/1754/1450 1775/1753/1449
f 1766/1744/1440 1767/1745/1441 1777/1755/1451 1776/1754/1450
f 1767/1745/1441 1768/1746/1442 1778/1756/1452 1777/1755/1451
f 1768/1746/1442 1769/1747/1443 1779/1757/1453 1778/1756/1452
f 1769/1747/1443 1770/1748/1444 1780/1758/1454 1779/1757/1453
f 1770/1748/1444 1771/1749/1445 1781/1759/1455 1780/1758/1454
f 1771/1749/1445 1772/1750/1446 1782/1760/1456 1781/1759/1455
f 1772/1750/1446 1763/1742/1437 1773/1752/1447 1782/1760/1456
f 1773/1752/1447 1774/1751/1448 1784/1761/1458 1783/1762/1457
f 1774/1751/1448 1775/1753/1449 1785/1763/1459 1784/1761/1458
f 1775/1753/1449 1776/1754/1450 1786/1764/1460 1785/1763/1459
f 1776/1754/1450 1777/1755/1451 1787/1765/1461 1786/1764/1460
f 1777/1755/1451 1778/1756/1452 1788/1766/1462 1787/1765/1461
f 1778/1756/1452 1779/1757/1453 1789/1767/1463 1788/1766/1462
f 1779/1757/1453 1780/1758/1454 1790/1768/1464 1789/1767/1463
f 1780/1758/1454 1781/1759/1455 1791/1769/1465 1790/1768/1464
f 1781/1759/1455 1782/1760/1456 1792/1770/1466 1791/1769/1465
f 1782/1760/1456 1773/1752/1447 1783/1762/1457 1792/1770/1466
f 1783/1762/1457 1784/1761/1458 1794/1771/1468 1793/1772/1467
f 1784/1761/1458 1785/1763/1459 1795/1773/1469 1794/1771/1468
f 1785/1763/1459 1786/1764/1460 1796/1774/1470 1795/1773/1469
f 1786/1764/1460 1787/1765/1461 1797/1775/1471 1796/1774/1470
f 1787/1765/1461 1788/1766/1462 1798/1776/1472 1797/1775/1471
f 1788/1766/1462 1789/1767/1463 1799/1777/1473 1798/1776/1472
f 1789/1767/1463 1790/1768/1464 1800/1778/1474 1799/1777/1473
f 1790/1768/1464 1791/1769/1465 1801/1779/1475 1800/1778/1474
f 1791/1769/1465 1792/1770/1466 1802/1780/1476 1801/1779/1475
f 1792/1770/1466 1783/1762/1457 1793/1772/1467 1802/1780/1476
f 1793/1772/1467 1794/1771/1468 1804/1781/1478 1803/1782/1477
f 1794/1771/1468 1795/1773/1469 1805/1783/1479 1804/1781/1478
f 1795/1773/1469 1796/1774/1470 1806/1784/1480 1805/1783/1479
f 1796/1774/1470 1797/1775/1471 1807/1785/1481 1806/1784/1480
f 1797/1775/1471 1798/1776/1472 1808/1786/1482 1807/1785/1481
f 1798/1776/1472 1799/1777/1473 1809/1787/1483 1808/1786/1482
f 1799/1777/1473 1800/1778/1474 1810/1788/1484 1809/1787/1483
f 1800/1778/1474 1801/1779/1475 1811/1789/1485 1810/1788/1484
f 1801/1779/1475 1802/1780/1476 1812/1790/1486 1811/1789/1485
f 1802/1780/1476 1793/1772/1467 1803/1782/1477 1812/1790/1486
f 1803/1782/1477 1804/1781/1478 1814/1791/1488 1813/1792/1487
f 1804/1781/1478 1805/1783/1479 1815/1793/1489 1814/1791/1488
f 1805/1783/1479 1806/1784/1480 1816/1794/1490 1815/1793/1489
f 1806/1784/1480 1807/1785/1481 1817/1795/1491 1816/1794/1490
f 1807/1785/1481 1808/1786/1482 1818/1796/1492 1817/1795/1491
f 1808/1786/1482 1809/1787/1483 1819/1797/1493 1818/1796/1492
f 1809/1787/1483 1810/1788/1484 1820/1798/1494 1819/1797/1493
f 1810/1788/1484 1811/1789/1485 1821/1799/1495 1820/1798/1494
f 1811/1789/1485 1812/1790/1486 1822/1800/1496 1821/1799/1495
f 1812/1790/1486 1803/1782/1477 1813/1792/1487 1822/1800/1496
f 1813/1792/1487 1814/1791/1488 1824/1801/1498 1823/1802/1497
f 1814/1791/1488 1815/1793/1489 1825/1803/1499 1824/1801/1498
f 1815/1793/1489 1816/1794/1490 1826/1804/1500 1825/1803/1499
f 1816/1794/1490 1817/1795/1491 1827/1805/1501 1826/1804/1500
f 1817/1795/1491 1818/1796/1492 1828/1806/1502 1827/1805/1501
f 1818/1796/1492 1819/1797/1493 1829/1807/1503 1828/1806/1502
f 1819/1797/1493 1820/1798/1494 1830/1808/1504 1829/1807/1503
f 1820/1798/1494 1821/1799/1495 1831/1809/1505 1830/1808/1504
f 1821/1799/1495 1822/1800/1496 1832/1810/1506 1831/1809/1505
f 1822/1800/1496 1813/1792/1487 1823/1802/1497 1832/1810/1506
f 1823/1802/1497 1824/1801/1498 1834/1811/1508 1833/1812/1507
f 1824/1801/1498 1825/1803/1499 1835/1813/1509 1834/1811/1508
f 1825/1803/1499 1826/1804/1500 1836/1814/1510 1835/1813/1509
f 1826/1804/1500 1827/1805/1501 1837/1815/1511 1836/1814/1510
f 1827/1805/1501 1828/1806/1502 1838/1816/1512 1837/1815/1511
f 1828/1806/1502 1829/1807/1503 1839/1817/1513 1838/1816/1512
f 1829/1807/1503 1830/1808/1504 1840/1818/1514 1839/1817/1513
f 1830/1808/1504 1831/1809/1505 1841/1819/1515 1840/1818/1514
f 1831/1809/1505 1832/1810/1506 1842/1820/1516 1841/1819/1515
f 1832/1810/1506 1823/1802/1497 1833/1812/1507 1842/1820/1516
f 1833/1812/1507 1834/1811/1508 1844/1821/1518 1843/1822/1517
f 1834/1811/1508 1835/1813/1509 1845/1823/1519 1844/1821/1518
f 1835/1813/1509 1836/1814/1510 1846/1824/1520 1845/1823/1519
f 1836/1814/1510 1837/1815/1511 1847/1825/1521 1846/1824/1520
f 1837/1815/1511 1838/1816/1512 1848/1826/1522 1847/1825/1521
f 1838/1816/1512 1839/1817/1513 1849/1827/1513 1848/1826/1522
f 1839/1817/1513 1840/1818/1514 1850/1828/1523 1849/1827/1513
f 1840/1818/1514 1841/1819/1515 1851/1829/1524 1850/1828/1523
f 1841/1819/1515 1842/1820/1516 1852/1830/1525 1851/1829/1524
f 1842/1820/1516 1833/1812/1507 1843/1822/1517 1852/1830/1525
f 1843/1822/1517 1844/1821/1518 1854/1831/1527 1853/1832/1526
f 1844/1821/1518 1845/1823/1519 1855/1833/1528 1854/1831/1527
f 1845/1823/1519 1846/1824/1520 1856/1834/1529 1855/1833/1528
f 1846/1824/1520 1847/1825/1521 1857/1835/1530 1856/1834/1529
f 1847/1825/1521 1848/1826/1522 1858/1836/1531 1857/1835/1530
f 1848/1826/1522 1849/1827/1513 1859/1837/1513 1858/1836/1531
f 1849/1827/1513 1850/1828/1523 1860/1838/1532 1859/1837/1513
f 1850/1828/1523 1851/1829/1524 1861/1839/1533 1860/1838/1532
f 1851/1829/1524 1852/1830/1525 1862/1840/1534 1861/1839/1533
f 1852/1830/1525 1843/1822/1517 1853/1832/1526 1862/1840/1534
f 1853/1832/1526 1854/1831/1527 1864/1841/1536 1863/1842/1535
f 1854/1831/1527 1855/1833/1528 1865/1843/1537 1864/1841/1536
f 1855/1833/1528 1856/1834/1529 1866/1844/1538 1865/1843/1537
f 1856/1834/1529 1857/1835/1530 1867/1845/1539 1866/1844/1538
f 1857/1835/1530 1858/1836/1531 1868/1846/1540 1867/1845/1539
f 1858/1836/1531 1859/1837/1513 1869/1847/1541 1868/1846/1540
f 1859/1837/1513 1860/1838/1532 1870/1848/1542 1869/1847/1541
f 1860/1838/1532 1861/1839/1533 1871/1849/1543 1870/1848/1542
f 1861/1839/1533 1862/1840/1534 1872/1850/1544 1871/1849/1543
f 1862/1840/1534 1853/1832/1526 1863/1842/1535 1872/1850/1544
f 1863/1842/1535 1864/1841/1536 1874/1851/1546 1873/1852/1545
f 1864/1841/1536 1865/1843/1537 1875/1853/1547 1874/1851/1546
f 1865/1843/1537 1866/1844/1538 1876/1854/1548 1875/1853/1547
f 1866/1844/1538 1867/1845/1539 1877/1855/1549 1876/1854/1548
f 1867/1845/1539 1868/1846/1540 1878/1856/1550 1877/1855/1549
f 1868/1846/1540 1869/1847/1541 1879/1857/1551 1878/1856/1550
f 1869/1847/1541 1870/1848/1542 1880/1858/1552 1879/1857/1551
f 1870/1848/1542 1871/1849/1543 1881/1859/1553 1880/1858/1552
f 1871/1849/1543 1872/1850/1544 1882/1860/1554 1881/1859/1553
f 1872/1850/1544 1863/1842/1535 1873/1852/1545 1882/1860/1554
f 1873/1852/1545 1874/1851/1546 1884/1861/1556 1883/1862/1555
f 1874/1851/1546 1875/1853/1547 1885/1863/1557 1884/1861/1556
f 1875/1853/1547 1876/1854/1548 1886/1864/1558 1885/1863/1557
f 1876/1854/1548 1877/1855/1549 1887/1865/1559 1886/1864/1558
f 1877/1855/1549 1878/1856/1550 1888/1866/1560 1887/1865/1559
f 1878/1856/1550 1879/1857/1551 1889/1867/1561 1888/1866/1560
f 1879/1857/1551 1880/1858/1552 1890/1868/1562 1889/1867/1561
f 1880/1858/1552 1881/1859/1553 1891/1869/1563 1890/1868/1562
f 1881/1859/1553 1882/1860/1554 1892/1870/1564 1891/1869/1563
f 1882/1860/1554 1873/1852/1545 1883/1862/1555 1892/1870/1564
f 1883/1862/1555 1884/1861/1556 1894/1871/1566 1893/1872/1565
f 1884/1861/1556 1885/1863/1557 1895/1873/1567 1894/1871/1566
f 1885/1863/1557 1886/1864/1558 1896/1874/1568 1895/1873/1567
f 1886/1864/1558 1887/1865/1559 1897/1875/1569 1896/1874/1568
f 1887/1865/1559 1888/1866/1560 1898/1876/1570 1897/1875/1569
f 1888/1866/1560 1889/1867/1561 1899/1877/1571 1898/1876/1570
f 1889/1867/1561 1890/1868/1562 1900/1878/1572 1899/1877/1571
f 1890/1868/1562 1891/1869/1563 1901/1879/1573 1900/1878/1572
f 1891/1869/1563 1892/1870/1564 1902/1880/1574 1901/1879/1573
f 1892/1870/1564 1883/1862/1555 1893/1872/1565 1902/1880/1574
f 1893/1872/1565 1894/1871/1566 1904/1881/1576 1903/1882/1575
f 1894/1871/1566 1895/1873/1567 1905/1883/1577 1904/1881/1576
f 1895/1873/1567 1896/1874/1568 1906/1884/1578 1905/1883/1577
f 1896/1874/1568 1897/1875/1569 1907/1885/1579 1906/1884/1578
f 1897/1875/1569 1898/1876/1570 1908/1886/1580 1907/1885/1579
f 1898/1876/1570 1899/1877/1571 1909/1887/1581 1908/1886/1580
f 1899/1877/1571 1900/1878/1572 1910/1888/1582 1909/1887/1581
f 1900/1878/1572 1901/1879/1573 1911/1889/1583 1910/1888/1582
f 1901/1879/1573 1902/1880/1574 1912/1890/1584 1911/1889/1583
f 1902/1880/1574 1893/1872/1565 1903/1882/1575 1912/1890/1584
f 1903/1882/1575 1904/1881/1576 1914/1891/1586 1913/1892/1585
f 1904/1881/1576 1905/1883/1577 1915/1893/1587 1914/1891/1586
f 1905/1883/1577 1906/1884/1578 1916/1894/1588 1915/1893/1587
f 1906/1884/1578 1907/1885/1579 1917/1895/1589 1916/1894/1588
f 1907/1885/1579 1908/1886/1580 1918/1896/1590 1917/1895/1589
f 1908/1886/1580 1909/1887/1581 1919/1897/1591 1918/1896/1590
f 1909/1887/1581 1910/1888/1582 1920/1898/1592 1919/1897/1591
f 1910/1888/1582 1911/1889/1583 1921/1899/1593 1920/1898/1592
f 1911/1889/1583 1912/1890/1584 1922/1900/1594 1921/1899/1593
f 1912/1890/1584 1903/1882/1575 1913/1892/1585 1922/1900/1594
f 1913/1892/1585 1914/1891/1586 1924/1901/1596 1923/1902/1595
f 1914/1891/1586 1915/1893/1587 1925/1903/1587 1924/1901/1596
f 1915/1893/1587 1916/1894/1588 1926/1904/1597 1925/1903/1587
f 1916/1894/1588 1917/1895/1589 1927/1905/1598 1926/1904/1597
f 1917/1895/1589 1918/1896/1590 1928/1906/1599 1927/1905/1598
f 1918/1896/1590 1919/1897/1591 1929/1907/1600 1928/1906/1599
f 1919/1897/1591 1920/1898/1592 1930/1908/1592 1929/1907/1600
f 1920/1898/1592 1921/1899/1593 1931/1909/1601 1930/1908/1592
f 1921/1899/1593 1922/1900/1594 1932/1910/1602 1931/1909/1601
f 1922/1900/1594 1913/1892/1585 1923/1902/1595 1932/1910/1602
f 1923/1902/1595 1924/1901/1596 1934/1911/1604 1933/1912/1603
f 1924/1901/1596 1925/1903/1587 1935/1913/1605 1934/1911/1604
f 1925/1903/1587 1926/1904/1597 1936/1914/1606 1935/1913/1605
f 1926/1904/1597 1927/1905/1598 1937/1915/1607 1936/1914/1606
f 1927/1905/1598 1928/1906/1599 1938/1916/1608 1937/1915/1607
f 1928/1906/1599 1929/1907/1600 1939/1917/1609 1938/1916/1608
f 1929/1907/1600 1930/1908/1592 1940/1918/1582 1939/1917/1609
f 1930/1908/1592 1931/1909/1601 1941/1919/1610 1940/1918/1582
f 1931/1909/1601 1932/1910/1602 1942/1920/1611 1941/1919/1610
f 1932/1910/1602 1923/1902/1595 1933/1912/1603 1942/1920/1611
f 1933/1912/1603 1934/1911/1604 1944/1921/1613 1943/1922/1612
f 1934/1911/1604 1935/1913/1605 1945/1923/1567 1944/1921/1613
f 1935/1913/1605 1936/1914/1606 1946/1924/1614 1945/1923/1567
f 1936/1914/1606 1937/1915/1607 1947/1925/1615 1946/1924/1614
f 1937/1915/1607 1938/1916/1608 1948/1926/1616 1947/1925/1615
f 1938/1916/1608 1939/1917/1609 1949/1927/1617 1948/1926/1616
f 1939/1917/1609 1940/1918/1582 1950/1928/1618 1949/1927/1617
f 1940/1918/1582 1941/1919/1610 1951/1929/1619 1950/1928/1618
f 1941/1919/1610 1942/1920/1611 1952/1930/1620 1951/1929/1619
f 1942/1920/1611 1933/1912/1603 1943/1922/1612 1952/1930/1620
f 1943/1922/1612 1944/1921/1613 1954/1931/1622 1953/1932/1621
f 1944/1921/1613 1945/1923/1567 1955/1933/1623 1954/1931/1622
f 1945/1923/1567 1946/1924/1614 1956/1934/1614 1955/1933/1623
f 1946/1924/1614 1947/1925/1615 1957/1935/1624 1956/1934/1614
f 1947/1925/1615 1948/1926/1616 1958/1936/1625 1957/1935/1624
f 1948/1926/1616 1949/1927/1617 1959/1937/1626 1958/1936/1625
f 1949/1927/1617 1950/1928/1618 1960/1938/1627 1959/1937/1626
f 1950/1928/1618 1951/1929/1619 1961/1939/1619 1960/1938/1627
f 1951/1929/1619 1952/1930/1620 1962/1940/1628 1961/1939/1619
f 1952/1930/1620 1943/1922/1612 1953/1932/1621 1962/1940/1628
f 1953/1932/1621 1954/1931/1622 1964/1941/1630 1963/1942/1629
f 1954/1931/1622 1955/1933/1623 1965/1943/1631 1964/1941/1630
f 1955/1933/1623 1956/1934/1614 1966/1944/1632 1965/1943/1631
f 1956/1934/1614 1957/1935/1624 1967/1945/1633 1966/1944/1632
f 1957/1935/1624 1958/1936/1625 1968/1946/1634 1967/1945/1633
f 1958/1936/1625 1959/1937/1626 1969/1947/1635 1968/1946/1634
f 1959/1937/1626 1960/1938/1627 1970/1948/1636 1969/1947/1635
f 1960/1938/1627 1961/1939/1619 1971/1949/1637 1970/1948/1636
f 1961/1939/1619 1962/1940/1628 1972/1950/1638 1971/1949/1637
f 1962/1940/1628 1953/1932/1621 1963/1942/1629 1972/1950/1638
f 1963/1942/1629 1964/1941/1630 1974/1951/1640 1973/1952/1639
f 1964/1941/1630 1965/1943/1631 1975/1953/1641 1974/1951/1640
f 1965/1943/1631 1966/1944/1632 1976/1954/1642 1975/1953/1641
f 1966/1944/1632 1967/1945/1633 1977/1955/1643 1976/1954/1642
f 1967/1945/1633 1968/1946/1634 1978/1956/1644 1977/1955/1643
f 1968/1946/1634 1969/1947/1635 1979/1957/1645 1978/1956/1644
f 1969/1947/1635 1970/1948/1636 1980/1958/1646 1979/1957/1645
f 1970/1948/1636 1971/1949/1637 1981/1959/1647 1980/1958/1646
f 1971/1949/1637 1972/1950/1638 1982/1960/1648 1981/1959/1647
f 1972/1950/1638 1963/1942/1629 1973/1952/1639 1982/1960/1648
f 1973/1952/1639 1974/1951/1640 1984/1961/1650 1983/1962/1649
f 1974/1951/1640 1975/1953/1641 1985/1963/1651 1984/1961/1650
f 1975/1953/1641 1976/1954/1642 1986/1964/1652 1985/1963/1651
f 1976/1954/1642 1977/1955/1643 1987/1965/1643 1986/1964/1652
f 1977/1955/1643 1978/1956/1644 1988/1966/1653 1987/1965/1643
f 1978/1956/1644 1979/1957/1645 1989/1967/1654 1988/1966/1653
f 1979/1957/1645 1980/1958/1646 1990/1968/1655 1989/1967/1654
f 1980/1958/1646 1981/1959/1647 1991/1969/1656 1990/1968/1655
f 1981/1959/1647 1982/1960/1648 1992/1970/1648 1991/1969/1656
f 1982/1960/1648 1973/1952/1639 1983/1962/1649 1992/1970/1648
f 1983/1962/1649 1984/1961/1650 1994/1971/1658 1993/1972/1657
f 1984/1961/1650 1985/1963/1651 1995/1973/1659 1994/1971/1658
f 1985/1963/1651 1986/1964/1652 1996/1974/1660 1995/1973/1659
f 1986/1964/1652 1987/1965/1643 1997/1975/1661 1996/1974/1660
f 1987/1965/1643 1988/1966/1653 1998/1976/1662 1997/1975/1661
f 1988/1966/1653 1989/1967/1654 1999/1977/1663 1998/1976/1662
f 1989/1967/1654 1990/1968/1655 2000/1978/1664 1999/1977/1663
f 1990/1968/1655 1991/1969/1656 2001/1979/1665 2000/1978/1664
f 1991/1969/1656 1992/1970/1648 2002/1980/1666 2001/1979/1665
f 1992/1970/1648 1983/1962/1649 1993/1972/1657 2002/1980/1666
f 1993/1972/1657 1994/1971/1658 2004/1981/1668 2003/1982/1667
f 1994/1971/1658 1995/1973/1659 2005/1983/1669 2004/1981/1668
f 1995/1973/1659 1996/1974/1660 2006/1984/1670 2005/1983/1669
f 1996/1974/1660 1997/1975/1661 2007/1985/1671 2006/1984/1670
f 1997/1975/1661 1998/1976/1662 2008/1986/1672 2007/1985/1671
f 1998/1976/1662 1999/1977/1663 2009/1987/1673 2008/1986/1672
f 1999/1977/1663 2000/1978/1664 2010/1988/1674 2009/1987/1673
f 2000/1978/1664 2001/1979/1665 2011/1989/1675 2010/1988/1674
f 2001/1979/1665 2002/1980/1666 2012/1990/1676 2011/1989/1675
f 2002/1980/1666 1993/1972/1657 2003/1982/1667 2012/1990/1676
f 2003/1982/1667 2004/1981/1668 2014/1991/1678 2013/1992/1677
f 2004/1981/1668 2005/1983/1669 2015/1993/1679 2014/1991/1678
f 2005/1983/1669 2006/1984/1670 2016/1994/1680 2015/1993/1679
f 2006/1984/1670 2007/1985/1671 2017/1995/1681 2016/1994/1680
f 2007/1985/1671 2008/1986/1672 2018/1996/1682 2017/1995/1681
f 2008/1986/1672 2009/1987/1673 2019/1997/1683 2018/1996/1682
f 2009/1987/1673 2010/1988/1674 2020/1998/1684 2019/1997/1683
f 2010/1988/1674 2011/1989/1675 2021/1999/1685 2020/1998/1684
f 2011/1989/1675 2012/1990/1676 2022/2000/1686 2021/1999/1685
f 2012/1990/1676 2003/1982/1667 2013/1992/1677 2022/2000/1686
f 2013/1992/1677 2014/1991/1678 2024/2001/1688 2023/2002/1687
f 2014/1991/1678 2015/1993/1679 2025/2003/1689 2024/2001/1688
f 2015/1993/1679 2016/1994/1680 2026/2004/1690 2025/2003/1689
f 2016/1994/1680 2017/1995/1681 2027/2005/1691 2026/2004/1690
f 2017/1995/1681 2018/1996/1682 2028/2006/1692 2027/2005/1691
f 2018/1996/1682 2019/1997/1683 2029/2007/1693 2028/2006/1692
f 2019/1997/1683 2020/1998/1684 2030/2008/1694 2029/2007/1693
f 2020/1998/1684 2021/1999/1685 2031/2009/1695 2030/2008/1694
f 2021/1999/1685 2022/2000/1686 2032/2010/1696 2031/2009/1695
f 2022/2000/1686 2013/1992/1677 2023/2002/1687 2032/2010/1696
f 2023/2002/1687 2024/2001/1688 2034/2011/1698 2033/2012/1697
f 2024/2001/1688 2025/2003/1689 2035/2013/1699 2034/2011/1698
f 2025/2003/1689 2026/2004/1690 2036/2014/1700 2035/2013/1699
f 2026/2004/1690 2027/2005/1691 2037/2015/1701 2036/2014/1700
f 2027/2005/1691 2028/2006/1692 2038/2016/1702 2037/2015/1701
f 2028/2006/1692 2029/2007/1693 2039/2017/1703 2038/2016/1702
f 2029/2007/1693 2030/2008/1694 2040/2018/1704 2039/2017/1703
f 2030/2008/1694 2031/2009/1695 2041/2019/1705 2040/2018/1704
f 2031/2009/1695 2032/2010/1696 2042/2020/1706 2041/2019/1705
f 2032/2010/1696 2023/2002/1687 2033/2012/1697 2042/2020/1706
f 2033/2012/1697 2034/2011/1698 2044/2021/1708 2043/2022/1707
f 2034/2011/1698 2035/2013/1699 2045/2023/1709 2044/2021/1708
f 2035/2013/1699 2036/2014/1700 2046/2024/1710 2045/2023/1709
f 2036/2014/1700 2037/2015/1701 2047/2025/1711 2046/2024/1710
f 2037/2015/1701 2038/2016/1702 2048/2026/1712 2047/2025/1711
f 2038/2016/1702 2039/2017/1703 2049/2027/1713 2048/2026/1712
f 2039/2017/1703 2040/2018/1704 2050/2028/1714 2049/2027/1713
f 2040/2018/1704 2041/2019/1705 2051/2029/1715 2050/2028/1714
f 2041/2019/1705 2042/2020/1706 2052/2030/1716 2051/2029/1715
f 2042/2020/1706 2033/2012/1697 2043/2022/1707 2052/2030/1716
f 2043/2022/1707 2044/2021/1708 2054/2031/1718 2053/2032/1717
f 2044/2021/1708 2045/2023/1709 2055/2033/1719 2054/2031/1718
f 2045/2023/1709 2046/2024/1710 2056/2034/1720 2055/2033/1719
f 2046/2024/1710 2047/2025/1711 2057/2035/1721 2056/2034/1720
f 2047/2025/1711 2048/2026/1712 2058/2036/1722 2057/2035/1721
f 2048/2026/1712 2049/2027/1713 2059/2037/1723 2058/2036/1722
f 2049/2027/1713 2050/2028/1714 2060/2038/1724 2059/2037/1723
f 2050/2028/1714 2051/2029/1715 2061/2039/1725 2060/2038/1724
f 2051/2029/1715 2052/2030/1716 2062/2040/1726 2061/2039/1725
f 2052/2030/1716 2043/2022/1707 2053/2032/1717 2062/2040/1726
f 2053/2032/1717 2054/2031/1718 2064/2041/1728 2063/2042/1727
f 2054/2031/1718 2055/2033/1719 2065/2043/1729 2064/2041/1728
f 2055/2033/1719 2056/2034/1720 2066/2044/1730 2065/2043/1729
f 2056/2034/1720 2057/2035/1721 2067/2045/1731 2066/2044/1730
f 2057/2035/1721 2058/2036/1722 2068/2046/1732 2067/2045/1731
f 2058/2036/1722 2059/2037/1723 2069/2047/1733 2068/2046/1732
f 2059/2037/1723 2060/2038/1724 2070/2048/1734 2069/2047/1733
f 2060/2038/1724 2061/2039/1725 2071/2049/1735 2070/2048/1734
f 2061/2039/1725 2062/2040/1726 2072/2050/1736 2071/2049/1735
f 2062/2040/1726 2053/2032/1717 2063/2042/1727 2072/2050/1736
f 2063/2042/1727 2064/2041/1728 2074/2051/1738 2073/2052/1737
f 2064/2041/1728 2065/2043/1729 2075/2053/1739 2074/2051/1738
f 2065/2043/1729 2066/2044/1730 2076/2054/1740 2075/2053/1739
f 2066/2044/1730 2067/2045/1731 2077/2055/1741 2076/2054/1740
f 2067/2045/1731 2068/2046/1732 2078/2056/1742 2077/2055/1741
f 2068/2046/1732 2069/2047/1733 2079/2057/1743 2078/2056/1742
f 2069/2047/1733 2070/2048/1734 2080/2058/1744 2079/2057/1743
f 2070/2048/1734 2071/2049/1735 2081/2059/1745 2080/2058/1744
f 2071/2049/1735 2072/2050/1736 2082/2060/1746 2081/2059/1745
f 2072/2050/1736 2063/2042/1727 2073/2052/1737 2082/2060/1746
f 2083/1571/1747 1584/1562/1259 1583/1561/1258
f 2084/2056/1748 2073/2052/1737 2074/2051/1738
f 2083/1571/1747 1585/1565/1260 1584/1562/1259
f 2084/2056/1748 2074/2051/1738 2075/2053/1739
f 2083/1571/1747 1586/1567/1261 1585/1565/1260
f 2084/2056/1748 2075/2053/1739 2076/2054/1740
f 2083/1571/1747 1587/1569/1262 1586/1567/1261
f 2084/2056/1748 2076/2054/1740 2077/2055/1741
f 2083/1571/1747 1588/1571/1263 1587/1569/1262
f 2084/2056/1748 2077/2055/1741 2078/2056/1742
f 2083/1571/1747 1589/1573/1264 1588/1571/1263
f 2084/2056/1748 2078/2056/1742 2079/2057/1743
f 2083/1571/1747 1590/1575/1265 1589/1573/1264
f 2084/2056/1748 2079/2057/1743 2080/2058/1744
f 2083/1571/1747 1591/1577/1266 1590/1575/1265
f 2084/2056/1748 2080/2058/1744 2081/2059/1745
f 2083/1571/1747 1592/1579/1267 1591/1577/1266
f 2084/2056/1748 2081/2059/1745 2082/2060/1746
f 2083/1571/1747 1583/1561/1258 1592/1579/1267
f 2084/2056/1748 2082/2060/1746 2073/2052/1737
